Date,AMAZONAS DARDANELOS
2020-01-01,350.2083333333333
2020-01-02,372.7916666666667
2020-01-03,419.2083333333333
2020-01-04,478.5
2020-01-05,561.25
2020-01-06,619.75
2020-01-07,667.6666666666666
2020-01-08,683.9583333333334
2020-01-09,702.7916666666666
2020-01-10,734.0833333333334
2020-01-11,741.125
2020-01-12,754.375
2020-01-13,763.9583333333334
2020-01-14,755.375
2020-01-15,696.7916666666666
2020-01-16,723.7916666666666
2020-01-17,740.5
2020-01-18,653.3333333333334
2020-01-19,642.4166666666666
2020-01-20,574.25
2020-01-21,541.6666666666666
2020-01-22,510.7916666666667
2020-01-23,526.0416666666666
2020-01-24,511.9583333333333
2020-01-25,504.2916666666667
2020-01-26,490.9166666666667
2020-01-27,343.5
2020-01-28,454.75
2020-01-29,440.25
2020-01-30,487.7083333333333
2020-01-31,569.0
2020-02-01,591.6666666666666
2020-02-02,597.6666666666666
2020-02-03,594.1666666666666
2020-02-04,594.0833333333334
2020-02-05,600.7083333333334
2020-02-06,604.5416666666666
2020-02-07,605.5833333333334
2020-02-08,625.9166666666666
2020-02-09,645.8333333333334
2020-02-10,670.0
2020-02-11,694.75
2020-02-12,735.625
2020-02-13,769.3333333333334
2020-02-14,739.5833333333334
2020-02-15,761.25
2020-02-16,782.125
2020-02-17,723.8333333333334
2020-02-18,705.2916666666666
2020-02-19,641.9583333333334
2020-02-20,618.625
2020-02-21,618.9583333333334
2020-02-22,622.9166666666666
2020-02-23,654.4583333333334
2020-02-24,691.7916666666666
2020-02-25,728.0416666666666
2020-02-26,766.5714285714286
2020-02-27,902.4166666666666
2020-02-28,966.2916666666666
2020-02-29,1047.5
2020-03-01,1137.5
2020-03-02,1125.875
2020-03-03,1144.8333333333333
2020-03-04,1159.125
2020-03-05,1174.875
2020-03-06,1189.4166666666667
2020-03-07,1207.5
2020-03-08,1215.125
2020-03-09,1211.1666666666667
2020-03-10,1205.25
2020-03-11,1202.1666666666667
2020-03-12,1167.5
2020-03-13,1135.9166666666667
2020-03-14,1125.125
2020-03-15,1089.375
2020-03-16,1033.0
2020-03-17,1064.1666666666667
2020-03-18,992.625
2020-03-19,950.8333333333334
2020-03-20,926.875
2020-03-21,890.1666666666666
2020-03-22,924.3333333333334
2020-03-23,881.4583333333334
2020-03-24,893.8333333333334
2020-03-25,926.125
2020-03-26,962.9166666666666
2020-03-27,967.125
2020-03-28,972.0
2020-03-29,968.6666666666666
2020-03-30,978.6666666666666
2020-03-31,975.7916666666666
2020-04-01,980.625
2020-04-02,968.9166666666666
2020-04-03,974.2916666666666
2020-04-04,934.1666666666666
2020-04-05,908.875
2020-04-06,864.25
2020-04-07,819.5
2020-04-08,789.9166666666666
2020-04-09,773.5
2020-04-10,705.8333333333334
2020-04-11,684.0833333333334
2020-04-12,650.0833333333334
2020-04-13,634.7916666666666
2020-04-14,631.2083333333334
2020-04-15,640.4583333333334
2020-04-16,645.9583333333334
2020-04-17,633.3333333333334
2020-04-18,626.5
2020-04-19,623.5
2020-04-20,620.9166666666666
2020-04-21,607.1666666666666
2020-04-22,586.2083333333334
2020-04-23,565.0833333333334
2020-04-24,546.875
2020-04-25,539.2916666666666
2020-04-26,552.2916666666666
2020-04-27,531.25
2020-04-28,517.9583333333334
2020-04-29,492.6666666666667
2020-04-30,495.7083333333333
2020-05-01,440.5416666666667
2020-05-02,411.4166666666667
2020-05-03,385.9583333333333
2020-05-04,366.25
2020-05-05,345.7916666666667
2020-05-06,349.75
2020-05-07,344.9166666666667
2020-05-08,403.0416666666667
2020-05-09,337.0833333333333
2020-05-10,337.0833333333333
2020-05-11,334.1666666666667
2020-05-12,336.6666666666667
2020-05-13,329.2083333333333
2020-05-14,322.2083333333333
2020-05-15,337.1666666666667
2020-05-16,344.7083333333333
2020-05-17,335.0
2020-05-18,317.8333333333333
2020-05-19,298.25
2020-05-20,288.5833333333333
2020-05-21,280.4166666666667
2020-05-22,289.2083333333333
2020-05-23,291.0
2020-05-24,281.9583333333333
2020-05-25,271.125
2020-05-26,265.3333333333333
2020-05-27,257.75
2020-05-28,252.75
2020-05-29,248.83333333333334
2020-05-30,262.4166666666667
2020-05-31,284.75
2020-06-01,238.29166666666666
2020-06-02,233.0
2020-06-03,235.33333333333334
2020-06-04,234.875
2020-06-05,232.04166666666666
2020-06-06,230.04166666666666
2020-06-07,232.29166666666666
2020-06-08,230.29166666666666
2020-06-09,224.5
2020-06-10,222.375
2020-06-11,215.75
2020-06-12,214.5
2020-06-13,210.29166666666666
2020-06-14,198.33333333333334
2020-06-15,186.41666666666666
2020-06-16,182.45833333333334
2020-06-17,179.66666666666666
2020-06-18,176.95833333333334
2020-06-19,175.91666666666666
2020-06-20,174.04166666666666
2020-06-21,167.375
2020-06-22,142.16666666666666
2020-06-23,142.16666666666666
2020-06-24,142.0
2020-06-25,143.33333333333334
2020-06-26,143.04166666666666
2020-06-27,141.375
2020-06-28,140.29166666666666
2020-06-29,137.33333333333334
2020-06-30,138.70833333333334
2020-07-01,139.5
2020-07-02,141.20833333333334
2020-07-03,136.70833333333334
2020-07-04,136.875
2020-07-05,134.41666666666666
2020-07-06,129.08333333333334
2020-07-07,127.25
2020-07-08,132.79166666666666
2020-07-09,150.04166666666666
2020-07-10,146.58333333333334
2020-07-11,146.54166666666666
2020-07-12,144.08333333333334
2020-07-13,144.66666666666666
2020-07-14,141.58333333333334
2020-07-15,141.58333333333334
2020-07-16,142.0
2020-07-17,140.375
2020-07-18,138.33333333333334
2020-07-19,135.25
2020-07-20,129.54166666666666
2020-07-21,124.66666666666667
2020-07-22,121.83333333333333
2020-07-23,114.45833333333333
2020-07-24,97.79166666666667
2020-07-25,96.58333333333333
2020-07-26,95.70833333333333
2020-07-27,94.54166666666667
2020-07-28,93.875
2020-07-29,91.16666666666667
2020-07-30,90.58333333333333
2020-07-31,88.41666666666667
2020-08-01,87.16666666666667
2020-08-02,85.20833333333333
2020-08-03,83.79166666666667
2020-08-04,77.33333333333333
2020-08-05,71.83333333333333
2020-08-06,69.125
2020-08-07,68.95833333333333
2020-08-08,63.958333333333336
2020-08-09,62.666666666666664
2020-08-10,61.791666666666664
2020-08-11,59.75
2020-08-12,58.833333333333336
2020-08-13,58.041666666666664
2020-08-14,56.5
2020-08-15,55.416666666666664
2020-08-16,59.291666666666664
2020-08-17,67.95833333333333
2020-08-18,61.0
2020-08-19,50.916666666666664
2020-08-20,47.75
2020-08-21,48.708333333333336
2020-08-22,34.875
2020-08-23,32.791666666666664
2020-08-24,41.291666666666664
2020-08-25,47.083333333333336
2020-08-26,50.416666666666664
2020-08-27,58.916666666666664
2020-08-28,47.458333333333336
2020-08-29,45.625
2020-08-30,45.0
2020-08-31,43.75
2020-09-01,41.375
2020-09-02,40.083333333333336
2020-09-03,39.416666666666664
2020-09-04,38.833333333333336
2020-09-05,38.625
2020-09-06,37.75
2020-09-07,35.416666666666664
2020-09-08,33.875
2020-09-09,33.333333333333336
2020-09-10,32.375
2020-09-11,33.125
2020-09-12,28.333333333333332
2020-09-13,27.75
2020-09-14,27.75
2020-09-15,27.041666666666668
2020-09-16,26.166666666666668
2020-09-17,25.583333333333332
2020-09-18,68.375
2020-09-19,21.5
2020-09-20,30.708333333333332
2020-09-21,41.375
2020-09-22,47.416666666666664
2020-09-23,46.833333333333336
2020-09-24,45.583333333333336
2020-09-25,44.916666666666664
2020-09-26,47.333333333333336
2020-09-27,43.708333333333336
2020-09-28,41.75
2020-09-29,40.0
2020-09-30,44.5
2020-10-01,48.208333333333336
2020-10-02,43.208333333333336
2020-10-03,39.041666666666664
2020-10-04,38.666666666666664
2020-10-05,38.625
2020-10-06,39.458333333333336
2020-10-07,40.708333333333336
2020-10-08,40.041666666666664
2020-10-09,41.708333333333336
2020-10-10,50.541666666666664
2020-10-11,43.375
2020-10-12,39.333333333333336
2020-10-13,40.5
2020-10-14,39.083333333333336
2020-10-15,36.25
2020-10-16,38.0
2020-10-17,37.125
2020-10-18,38.5
2020-10-19,40.166666666666664
2020-10-20,39.75
2020-10-21,38.625
2020-10-22,36.75
2020-10-23,38.75
2020-10-24,38.625
2020-10-25,37.958333333333336
2020-10-26,37.5
2020-10-27,38.833333333333336
2020-10-28,39.0
2020-10-29,40.208333333333336
2020-10-30,41.541666666666664
2020-10-31,40.708333333333336
2020-11-01,38.916666666666664
2020-11-02,36.625
2020-11-03,35.541666666666664
2020-11-04,36.708333333333336
2020-11-05,36.5
2020-11-06,35.083333333333336
2020-11-07,34.416666666666664
2020-11-08,34.291666666666664
2020-11-09,36.541666666666664
2020-11-10,33.458333333333336
2020-11-11,32.75
2020-11-12,33.708333333333336
2020-11-13,34.708333333333336
2020-11-14,38.041666666666664
2020-11-15,39.208333333333336
2020-11-16,40.291666666666664
2020-11-17,43.333333333333336
2020-11-18,45.166666666666664
2020-11-19,49.541666666666664
2020-11-20,61.75
2020-11-21,57.333333333333336
2020-11-22,52.041666666666664
2020-11-23,46.75
2020-11-24,41.125
2020-11-25,42.166666666666664
2020-11-26,42.458333333333336
2020-11-27,39.5
2020-11-28,41.833333333333336
2020-11-29,44.083333333333336
2020-11-30,43.125
2020-12-01,41.833333333333336
2020-12-02,43.541666666666664
2020-12-03,47.625
2020-12-04,48.333333333333336
2020-12-05,42.5
2020-12-06,39.0
2020-12-07,42.291666666666664
2020-12-08,43.083333333333336
2020-12-09,47.541666666666664
2020-12-10,64.875
2020-12-11,78.875
2020-12-12,81.875
2020-12-13,87.33333333333333
2020-12-14,83.375
2020-12-15,94.33333333333333
2020-12-16,85.20833333333333
2020-12-17,67.16666666666667
2020-12-18,50.041666666666664
2020-12-19,31.208333333333332
2020-12-20,32.333333333333336
2020-12-21,66.58333333333333
2020-12-22,89.54166666666667
2020-12-23,88.29166666666667
2020-12-24,87.54166666666667
2020-12-25,99.41666666666667
2020-12-26,123.83333333333333
2020-12-27,140.29166666666666
2020-12-28,166.375
2020-12-29,159.29166666666666
2020-12-30,160.20833333333334
2020-12-31,189.83333333333334
2021-01-01,149.75
2021-01-02,113.375
2021-01-03,107.5
2021-01-04,107.875
2021-01-05,121.16666666666667
2021-01-06,125.41666666666667
2021-01-07,149.0
2021-01-08,172.25
2021-01-09,174.0
2021-01-10,161.95833333333334
2021-01-11,151.375
2021-01-12,142.45833333333334
2021-01-13,130.20833333333334
2021-01-14,122.875
2021-01-15,123.95833333333333
2021-01-16,134.70833333333334
2021-01-17,118.45833333333333
2021-01-18,127.95833333333333
2021-01-19,185.66666666666666
2021-01-20,209.79166666666666
2021-01-21,227.95833333333334
2021-01-22,232.41666666666666
2021-01-23,256.125
2021-01-24,270.5
2021-01-25,257.25
2021-01-26,245.375
2021-01-27,239.95833333333334
2021-01-28,224.125
2021-01-29,222.91666666666666
2021-01-30,238.70833333333334
2021-01-31,237.08333333333334
2021-02-01,237.20833333333334
2021-02-02,234.08333333333334
2021-02-03,237.16666666666666
2021-02-04,237.58333333333334
2021-02-05,252.70833333333334
2021-02-06,359.7083333333333
2021-02-07,298.4166666666667
2021-02-08,299.5833333333333
2021-02-09,466.6666666666667
2021-02-10,386.9583333333333
2021-02-11,361.6666666666667
2021-02-12,329.5416666666667
2021-02-13,321.875
2021-02-14,329.9166666666667
2021-02-15,328.5416666666667
2021-02-16,347.25
2021-02-17,351.25
2021-02-18,345.625
2021-02-19,336.6666666666667
2021-02-20,339.4166666666667
2021-02-21,518.6666666666666
2021-02-22,445.7916666666667
2021-02-23,550.125
2021-02-24,600.4583333333334
2021-02-25,650.875
2021-02-26,717.0416666666666
2021-02-27,652.25
2021-02-28,652.7916666666666
2021-03-01,647.7916666666666
2021-03-02,645.2916666666666
2021-03-03,642.7916666666666
2021-03-04,655.75
2021-03-05,678.1666666666666
2021-03-06,685.7083333333334
2021-03-07,706.125
2021-03-08,914.875
2021-03-09,835.75
2021-03-10,790.2916666666666
2021-03-11,784.4583333333334
2021-03-12,777.8333333333334
2021-03-13,767.2083333333334
2021-03-14,753.2083333333334
2021-03-15,743.2916666666666
2021-03-16,720.8333333333334
2021-03-17,708.0833333333334
2021-03-18,731.9166666666666
2021-03-19,741.25
2021-03-20,785.375
2021-03-21,830.125
2021-03-22,884.6666666666666
2021-03-23,930.0
2021-03-24,955.1666666666666
2021-03-25,983.0833333333334
2021-03-26,972.4583333333334
2021-03-27,948.1666666666666
2021-03-28,939.125
2021-03-29,913.4166666666666
2021-03-30,879.75
2021-03-31,882.625
2021-04-01,808.375
2021-04-02,764.1666666666666
2021-04-03,722.125
2021-04-04,697.125
2021-04-05,671.9583333333334
2021-04-06,648.4583333333334
2021-04-07,634.5416666666666
2021-04-08,618.1666666666666
2021-04-09,600.125
2021-04-10,579.4166666666666
2021-04-11,559.9583333333334
2021-04-12,545.7916666666666
2021-04-13,537.9166666666666
2021-04-14,530.6666666666666
2021-04-15,534.2916666666666
2021-04-16,529.875
2021-04-17,513.4583333333334
2021-04-18,514.8333333333334
2021-04-19,573.75
2021-04-20,541.4583333333334
2021-04-21,523.8333333333334
2021-04-22,511.625
2021-04-23,505.9583333333333
2021-04-24,500.6666666666667
2021-04-25,533.125
2021-04-26,452.25
2021-04-27,440.25
2021-04-28,416.3333333333333
2021-04-29,400.3333333333333
2021-04-30,370.5833333333333
2021-05-01,371.3333333333333
2021-05-02,354.0833333333333
2021-05-03,324.5416666666667
2021-05-04,534.25
2021-05-05,314.1666666666667
2021-05-06,307.0
2021-05-07,287.3333333333333
2021-05-08,261.125
2021-05-09,242.58333333333334
2021-05-10,252.04166666666666
2021-05-11,250.20833333333334
2021-05-12,241.04166666666666
2021-05-13,230.41666666666666
2021-05-14,224.08333333333334
2021-05-15,307.9583333333333
2021-05-16,214.54166666666666
2021-05-17,213.91666666666666
2021-05-18,209.16666666666666
2021-05-19,207.83333333333334
2021-05-20,205.16666666666666
2021-05-21,193.5
2021-05-22,193.5
2021-05-23,262.0416666666667
2021-05-24,266.0416666666667
2021-05-25,234.41666666666666
2021-05-26,167.875
2021-05-27,174.16666666666666
2021-05-28,163.875
2021-05-29,156.04166666666666
2021-05-30,152.79166666666666
2021-05-31,146.16666666666666
2021-06-01,140.33333333333334
2021-06-02,170.04166666666666
2021-06-03,197.04166666666666
2021-06-04,195.16666666666666
2021-06-05,193.375
2021-06-06,185.52173913043478
2021-06-07,182.52173913043478
2021-06-08,177.875
2021-06-09,176.16666666666666
2021-06-10,171.58333333333334
2021-06-11,166.79166666666666
2021-06-12,161.75
2021-06-13,154.79166666666666
2021-06-14,155.33333333333334
2021-06-15,154.29166666666666
2021-06-16,154.375
2021-06-17,153.04347826086956
2021-06-18,144.91666666666666
2021-06-19,139.08333333333334
2021-06-20,131.75
2021-06-21,129.04166666666666
2021-06-22,126.0
2021-06-23,120.375
2021-06-24,120.625
2021-06-25,120.04166666666667
2021-06-26,118.79166666666667
2021-06-27,122.25
2021-06-28,130.91666666666666
2021-06-29,127.16666666666667
2021-06-30,117.6086956521739
2021-07-01,112.70833333333333
2021-07-02,108.45833333333333
2021-07-03,109.04166666666667
2021-07-04,107.1304347826087
2021-07-05,111.29166666666667
2021-07-06,109.29166666666667
2021-07-07,106.69565217391305
2021-07-08,102.71428571428571
2021-07-09,102.72727272727273
2021-07-10,99.83333333333333
2021-07-11,92.79166666666667
2021-07-12,88.79166666666667
2021-07-13,98.21739130434783
2021-07-14,101.73913043478261
2021-07-15,104.61904761904762
2021-07-16,101.91304347826087
2021-07-17,105.86363636363636
2021-07-18,103.91666666666667
2021-07-19,110.08333333333333
2021-07-20,105.25
2021-07-21,97.29166666666667
2021-07-22,91.0
2021-07-23,88.08333333333333
2021-07-24,85.58333333333333
2021-07-25,84.25
2021-07-26,82.625
2021-07-27,80.79166666666667
2021-07-28,80.58333333333333
2021-07-29,70.125
2021-07-30,52.0
2021-07-31,45.166666666666664
2021-08-01,44.375
2021-08-02,44.208333333333336
2021-08-03,61.916666666666664
2021-08-04,74.04166666666667
2021-08-05,59.541666666666664
2021-08-06,53.625
2021-08-07,36.166666666666664
2021-08-08,37.708333333333336
2021-08-09,37.333333333333336
2021-08-10,32.958333333333336
2021-08-11,48.375
2021-08-12,63.0
2021-08-13,63.791666666666664
2021-08-14,58.583333333333336
2021-08-15,58.958333333333336
2021-08-16,56.75
2021-08-17,56.666666666666664
2021-08-18,56.875
2021-08-19,58.416666666666664
2021-08-20,57.875
2021-08-21,60.416666666666664
2021-08-22,55.541666666666664
2021-08-23,65.54166666666667
2021-08-24,58.291666666666664
2021-08-25,45.583333333333336
2021-08-26,44.708333333333336
2021-08-27,39.916666666666664
2021-08-28,43.666666666666664
2021-08-29,44.666666666666664
2021-08-30,46.375
2021-08-31,55.166666666666664
2021-09-01,49.5
2021-09-02,81.29166666666667
2021-09-03,43.125
2021-09-04,41.958333333333336
2021-09-05,43.0
2021-09-06,39.041666666666664
2021-09-07,37.708333333333336
2021-09-08,40.083333333333336
2021-09-09,45.333333333333336
2021-09-10,46.375
2021-09-11,50.833333333333336
2021-09-12,50.458333333333336
2021-09-13,50.25
2021-09-14,41.333333333333336
2021-09-15,49.625
2021-09-16,48.125
2021-09-17,51.041666666666664
2021-09-18,50.458333333333336
2021-09-19,48.625
2021-09-20,52.083333333333336
2021-09-21,54.5
2021-09-22,54.0
2021-09-23,49.958333333333336
2021-09-24,49.625
2021-09-25,49.17391304347826
2021-09-26,48.75
2021-09-27,53.916666666666664
2021-09-28,51.541666666666664
2021-09-29,50.625
2021-09-30,50.791666666666664
2021-10-01,52.333333333333336
2021-10-02,49.333333333333336
2021-10-03,46.666666666666664
2021-10-04,44.666666666666664
2021-10-05,45.916666666666664
2021-10-06,43.25
2021-10-07,46.208333333333336
2021-10-08,48.916666666666664
2021-10-09,49.666666666666664
2021-10-10,48.5
2021-10-11,47.375
2021-10-12,46.583333333333336
2021-10-13,44.47826086956522
2021-10-14,43.76190476190476
2021-10-15,64.0
2021-10-16,63.916666666666664
2021-10-17,37.5
2021-10-18,39.875
2021-10-19,39.25
2021-10-20,36.958333333333336
2021-10-21,38.75
2021-10-22,42.666666666666664
2021-10-23,47.0
2021-10-24,46.869565217391305
2021-10-25,44.916666666666664
2021-10-26,44.416666666666664
2021-10-27,41.791666666666664
2021-10-28,41.083333333333336
2021-10-29,40.375
2021-10-30,41.0
2021-10-31,41.130434782608695
2021-11-01,40.416666666666664
2021-11-02,46.541666666666664
2021-11-03,59.625
2021-11-04,64.20833333333333
2021-11-05,53.166666666666664
2021-11-06,59.583333333333336
2021-11-07,61.333333333333336
2021-11-08,65.79166666666667
2021-11-09,68.26086956521739
2021-11-10,77.0
2021-11-11,85.75
2021-11-12,96.45833333333333
2021-11-13,103.5
2021-11-14,112.16666666666667
2021-11-15,102.54166666666667
2021-11-16,105.41666666666667
2021-11-17,133.45833333333334
2021-11-18,150.625
2021-11-19,176.875
2021-11-20,215.33333333333334
2021-11-21,230.33333333333334
2021-11-22,227.8695652173913
2021-11-23,192.41666666666666
2021-11-24,179.41666666666666
2021-11-25,198.58333333333334
2021-11-26,202.75
2021-11-27,178.45833333333334
2021-11-28,157.58333333333334
2021-11-29,153.33333333333334
2021-11-30,145.04347826086956
2021-12-01,137.08333333333334
2021-12-02,132.04166666666666
2021-12-03,142.33333333333334
2021-12-04,146.375
2021-12-05,211.45833333333334
2021-12-06,203.41666666666666
2021-12-07,196.70833333333334
2021-12-08,196.79166666666666
2021-12-09,209.41666666666666
2021-12-10,208.45833333333334
2021-12-11,230.04166666666666
2021-12-12,212.25
2021-12-13,182.66666666666666
2021-12-14,167.58333333333334
2021-12-15,165.79166666666666
2021-12-16,167.08333333333334
2021-12-17,190.125
2021-12-18,255.04166666666666
2021-12-19,202.41666666666666
2021-12-20,187.41666666666666
2021-12-21,195.45833333333334
2021-12-22,275.4166666666667
2021-12-23,283.25
2021-12-24,240.45833333333334
2021-12-25,232.58333333333334
2021-12-26,215.66666666666666
2021-12-27,208.2173913043478
2021-12-28,240.95833333333334
2021-12-29,254.25
2021-12-30,318.625
2021-12-31,251.95833333333334
2022-01-01,226.08333333333334
2022-01-02,214.375
2022-01-03,217.79166666666666
2022-01-04,235.75
2022-01-05,240.17391304347825
2022-01-06,241.69565217391303
2022-01-07,224.25
2022-01-08,196.20833333333334
2022-01-09,194.875
2022-01-10,181.33333333333334
2022-01-11,192.5909090909091
2022-01-12,244.95833333333334
2022-01-13,300.59090909090907
2022-01-14,321.7
2022-01-15,344.65
2022-01-16,373.0833333333333
2022-01-17,384.3333333333333
2022-01-18,385.9166666666667
2022-01-19,383.8333333333333
2022-01-20,356.2083333333333
2022-01-21,337.0833333333333
2022-01-22,337.2083333333333
2022-01-23,346.1666666666667
2022-01-24,373.2916666666667
2022-01-25,406.7083333333333
2022-01-26,572.875
2022-01-27,415.875
2022-01-28,426.7916666666667
2022-01-29,435.9166666666667
2022-01-30,511.2916666666667
2022-01-31,555.2608695652174
2022-02-01,621.3333333333334
2022-02-02,660.875
2022-02-03,745.0
2022-02-04,760.6666666666666
2022-02-05,798.2083333333334
2022-02-06,830.6666666666666
2022-02-07,863.9166666666666
2022-02-08,865.0416666666666
2022-02-09,872.9166666666666
2022-02-10,847.8333333333334
2022-02-11,845.375
2022-02-12,872.3333333333334
2022-02-13,806.2916666666666
2022-02-14,766.2083333333334
2022-02-15,745.4166666666666
2022-02-16,720.25
2022-02-17,698.6666666666666
2022-02-18,682.7083333333334
2022-02-19,717.0833333333334
2022-02-20,756.0833333333334
2022-02-21,773.8333333333334
2022-02-22,779.4166666666666
2022-02-23,803.125
2022-02-24,827.2916666666666
2022-02-25,880.9166666666666
2022-02-26,981.9583333333334
2022-02-27,1004.9166666666666
2022-02-28,1000.2608695652174
2022-03-01,989.125
2022-03-02,983.5416666666666
2022-03-03,916.5
2022-03-04,858.4166666666666
2022-03-05,842.0
2022-03-06,818.2916666666666
2022-03-07,806.0
2022-03-08,810.3809523809524
2022-03-09,810.75
2022-03-10,844.8333333333334
2022-03-11,848.125
2022-03-12,887.3333333333334
2022-03-13,902.9166666666666
2022-03-14,920.0416666666666
2022-03-15,922.7083333333334
2022-03-16,915.1666666666666
2022-03-17,933.7083333333334
2022-03-18,929.875
2022-03-19,905.8333333333334
2022-03-20,897.875
2022-03-21,879.375
2022-03-22,850.4166666666666
2022-03-23,807.2916666666666
2022-03-24,773.5833333333334
2022-03-25,738.0833333333334
2022-03-26,720.0833333333334
2022-03-27,718.625
2022-03-28,706.0625
2022-03-29,716.3529411764706
2022-03-30,705.8333333333334
2022-03-31,698.2173913043479
2022-04-01,707.375
2022-04-02,726.4583333333334
2022-04-03,740.0416666666666
2022-04-04,703.9583333333334
2022-04-05,699.625
2022-04-06,678.4583333333334
2022-04-07,656.304347826087
2022-04-08,634.4583333333334
2022-04-09,615.1666666666666
2022-04-10,589.7916666666666
2022-04-11,556.4583333333334
2022-04-12,523.0416666666666
2022-04-13,484.7083333333333
2022-04-14,457.0
2022-04-15,451.8333333333333
2022-04-16,462.375
2022-04-17,462.9166666666667
2022-04-18,444.5833333333333
2022-04-19,431.75
2022-04-20,425.75
2022-04-21,430.7916666666667
2022-04-22,417.0
2022-04-23,400.4583333333333
2022-04-24,376.4166666666667
2022-04-25,1456.0416666666667
2022-04-26,3441.7916666666665
2022-04-27,3376.1666666666665
2022-04-28,3459.4583333333335
2022-04-29,3497.8333333333335
2022-04-30,3605.913043478261
2022-05-01,3036.4583333333335
2022-05-02,3215.75
2022-05-03,2831.0416666666665
2022-05-04,2583.875
2022-05-05,2436.25
2022-05-06,2398.625
2022-05-07,2444.9166666666665
2022-05-08,1574.2083333333333
2022-05-09,1977.5833333333333
2022-05-10,1961.625
2022-05-11,1954.875
2022-05-12,1831.1666666666667
2022-05-13,1865.875
2022-05-14,1646.5833333333333
2022-05-15,1642.125
2022-05-16,1902.25
2022-05-17,1694.25
2022-05-18,1531.75
2022-05-19,1548.875
2022-05-20,1667.8333333333333
2022-05-21,1803.875
2022-05-22,1514.9130434782608
2022-05-23,1632.2608695652175
2022-05-24,1675.1666666666667
2022-05-25,1381.4583333333333
2022-05-26,1511.875
2022-05-27,361.75
2022-05-28,1442.0416666666667
2022-05-29,1463.0416666666667
2022-05-30,1395.7083333333333
2022-05-31,1460.304347826087
2022-06-01,1520.3333333333333
2022-06-02,1559.7083333333333
2022-06-03,669.9583333333334
2022-06-04,150.625
2022-06-05,112.91666666666667
2022-06-06,112.625
2022-06-07,116.41666666666667
2022-06-08,112.95833333333333
2022-06-09,114.875
2022-06-10,121.66666666666667
2022-06-11,118.83333333333333
2022-06-12,120.58333333333333
2022-06-13,118.95833333333333
2022-06-14,131.875
2022-06-15,158.83333333333334
2022-06-16,150.875
2022-06-17,115.70833333333333
2022-06-18,113.875
2022-06-19,111.95833333333333
2022-06-20,122.41666666666667
2022-06-21,139.83333333333334
2022-06-22,133.41666666666666
2022-06-23,125.58333333333333
2022-06-24,138.75
2022-06-25,144.16666666666666
2022-06-26,138.33333333333334
2022-06-27,115.79166666666667
2022-06-28,79.45833333333333
2022-06-29,77.41666666666667
2022-06-30,74.56521739130434
2022-07-01,174.16666666666666
2022-07-02,105.0
2022-07-03,99.875
2022-07-04,98.16666666666667
2022-07-05,94.625
2022-07-06,91.66666666666667
2022-07-07,95.58333333333333
2022-07-08,87.47619047619048
2022-07-09,100.45833333333333
2022-07-10,96.83333333333333
2022-07-11,75.5
2022-07-12,62.625
2022-07-13,78.45833333333333
2022-07-14,76.875
2022-07-15,74.70833333333333
2022-07-16,72.375
2022-07-17,74.04166666666667
2022-07-18,71.66666666666667
2022-07-19,70.625
2022-07-20,89.79166666666667
2022-07-21,64.66666666666667
2022-07-22,64.29166666666667
2022-07-23,64.625
2022-07-24,62.083333333333336
2022-07-25,66.08333333333333
2022-07-26,74.25
2022-07-27,100.75
2022-07-28,67.29166666666667
2022-07-29,59.875
2022-07-30,58.791666666666664
2022-07-31,60.52173913043478
2022-08-01,68.54166666666667
2022-08-02,56.875
2022-08-03,93.83333333333333
2022-08-04,54.666666666666664
2022-08-05,58.166666666666664
2022-08-06,57.583333333333336
2022-08-07,58.083333333333336
2022-08-08,59.0
2022-08-09,55.583333333333336
2022-08-10,60.125
2022-08-11,61.833333333333336
2022-08-12,61.0
2022-08-13,64.08333333333333
2022-08-14,58.583333333333336
2022-08-15,103.875
2022-08-16,144.625
2022-08-17,81.79166666666667
2022-08-18,85.45833333333333
2022-08-19,78.45833333333333
2022-08-20,53.458333333333336
2022-08-21,59.416666666666664
2022-08-22,51.333333333333336
2022-08-23,87.625
2022-08-24,54.125
2022-08-25,99.25
2022-08-26,88.125
2022-08-27,51.75
2022-08-28,50.708333333333336
2022-08-29,48.958333333333336
2022-08-30,47.541666666666664
2022-08-31,47.21739130434783
2022-09-01,68.45833333333333
2022-09-02,62.041666666666664
2022-09-03,44.869565217391305
2022-09-04,61.333333333333336
2022-09-05,39.875
2022-09-06,37.458333333333336
2022-09-07,35.91304347826087
2022-09-08,35.625
2022-09-09,33.291666666666664
2022-09-10,34.5
2022-09-11,34.125
2022-09-12,35.791666666666664
2022-09-13,34.583333333333336
2022-09-14,33.458333333333336
2022-09-15,54.458333333333336
2022-09-16,56.333333333333336
2022-09-17,38.791666666666664
2022-09-18,36.291666666666664
2022-09-19,32.17391304347826
2022-09-20,31.391304347826086
2022-09-21,30.291666666666668
2022-09-22,32.333333333333336
2022-09-23,37.166666666666664
2022-09-24,36.541666666666664
2022-09-25,37.916666666666664
2022-09-26,37.708333333333336
2022-09-27,37.541666666666664
2022-09-28,36.291666666666664
2022-09-29,34.583333333333336
2022-09-30,32.208333333333336
2022-10-01,32.458333333333336
2022-10-02,36.0
2022-10-03,41.166666666666664
2022-10-04,44.541666666666664
2022-10-05,45.5
2022-10-06,51.041666666666664
2022-10-07,58.375
2022-10-08,58.083333333333336
2022-10-09,59.875
2022-10-10,56.375
2022-10-11,53.541666666666664
2022-10-12,53.0
2022-10-13,52.833333333333336
2022-10-14,57.541666666666664
2022-10-15,60.916666666666664
2022-10-16,62.666666666666664
2022-10-17,66.16666666666667
2022-10-18,56.958333333333336
2022-10-19,53.416666666666664
2022-10-20,52.458333333333336
2022-10-21,52.0
2022-10-22,56.375
2022-10-23,63.625
2022-10-24,70.83333333333333
2022-10-25,68.0
2022-10-26,66.0
2022-10-27,65.5
2022-10-28,64.66666666666667
2022-10-29,59.833333333333336
2022-10-30,52.0
2022-10-31,50.458333333333336
2022-11-01,53.083333333333336
2022-11-02,49.916666666666664
2022-11-03,46.458333333333336
2022-11-04,47.208333333333336
2022-11-05,46.833333333333336
2022-11-06,44.833333333333336
2022-11-07,42.208333333333336
2022-11-08,39.0
2022-11-09,37.45454545454545
2022-11-10,36.416666666666664
2022-11-11,37.083333333333336
2022-11-12,34.166666666666664
2022-11-13,33.458333333333336
2022-11-14,34.75
2022-11-15,35.5
2022-11-16,35.083333333333336
2022-11-17,37.625
2022-11-18,41.6
2022-11-19,48.208333333333336
2022-11-20,49.833333333333336
2022-11-21,46.833333333333336
2022-11-22,38.125
2022-11-23,46.583333333333336
2022-11-24,62.0
2022-11-25,62.041666666666664
2022-11-26,63.25
2022-11-27,70.70833333333333
2022-11-28,78.08333333333333
2022-11-29,81.5
2022-11-30,72.875
2022-12-01,72.125
2022-12-02,74.375
2022-12-03,74.875
2022-12-04,70.625
2022-12-05,75.25
2022-12-06,80.5
2022-12-07,93.25
2022-12-08,91.79166666666667
2022-12-09,82.875
2022-12-10,68.54166666666667
2022-12-11,75.83333333333333
2022-12-12,79.45833333333333
2022-12-13,72.08333333333333
2022-12-14,67.625
2022-12-15,67.0
2022-12-16,80.95833333333333
2022-12-17,89.79166666666667
2022-12-18,89.16666666666667
2022-12-19,94.70833333333333
2022-12-20,89.58333333333333
2022-12-21,98.95833333333333
2022-12-22,116.41666666666667
2022-12-23,114.08333333333333
2022-12-24,145.08333333333334
2022-12-25,174.125
2022-12-26,151.08333333333334
2022-12-27,124.13333333333334
2022-12-28,118.04166666666667
2022-12-29,109.625
2022-12-30,108.125
2022-12-31,110.125
2023-01-01,114.04166666666667
2023-01-02,131.91666666666666
2023-01-03,128.375
2023-01-04,140.16666666666666
2023-01-05,153.125
2023-01-06,136.95833333333334
2023-01-07,117.75
2023-01-08,120.04166666666667
2023-01-09,123.33333333333333
2023-01-10,121.375
2023-01-11,96.25
2023-01-12,55.791666666666664
2023-01-13,145.5
2023-01-14,149.70833333333334
2023-01-15,151.25
2023-01-16,152.33333333333334
2023-01-17,154.25
2023-01-18,156.45833333333334
2023-01-19,165.70833333333334
2023-01-20,179.58333333333334
2023-01-21,210.04166666666666
2023-01-22,200.125
2023-01-23,166.25
2023-01-24,140.375
2023-01-25,146.75
2023-01-26,130.0
2023-01-27,135.125
2023-01-28,147.91666666666666
2023-01-29,204.54166666666666
2023-01-30,278.5
2023-01-31,351.7916666666667
2023-02-01,375.5416666666667
2023-02-02,391.0833333333333
2023-02-03,361.4583333333333
2023-02-04,394.2083333333333
2023-02-05,368.30434782608694
2023-02-06,348.8125
2023-02-07,339.4583333333333
2023-02-08,330.8333333333333
2023-02-09,320.3333333333333
2023-02-10,309.9583333333333
2023-02-11,332.5
2023-02-12,335.9166666666667
2023-02-13,328.75
2023-02-14,306.7083333333333
2023-02-15,291.625
2023-02-16,338.5416666666667
2023-02-17,344.2105263157895
2023-02-18,293.2916666666667
2023-02-19,283.7083333333333
2023-02-20,282.9583333333333
2023-02-21,365.5416666666667
2023-02-22,424.2083333333333
2023-02-23,442.125
2023-02-24,428.75
2023-02-25,469.625
2023-02-26,464.875
2023-02-27,444.9583333333333
2023-02-28,446.875
2023-03-01,433.375
2023-03-02,424.125
2023-03-03,412.1666666666667
2023-03-04,437.4166666666667
2023-03-05,473.25
2023-03-06,466.0625
2023-03-07,
2023-03-08,578.0
2023-03-09,631.4166666666666
2023-03-10,673.2083333333334
2023-03-11,712.7083333333334
2023-03-12,733.5
2023-03-13,776.375
2023-03-14,789.9166666666666
2023-03-15,815.5833333333334
2023-03-16,841.9166666666666
2023-03-17,906.875
2023-03-18,889.3333333333334
2023-03-19,956.7083333333334
2023-03-20,937.25
2023-03-21,932.4166666666666
2023-03-22,987.875
2023-03-23,978.7916666666666
2023-03-24,962.3333333333334
2023-03-25,935.5
2023-03-26,903.8333333333334
2023-03-27,865.125
2023-03-28,813.25
2023-03-29,769.625
2023-03-30,729.2916666666666
2023-03-31,692.125
2023-04-01,
2023-04-02,
2023-04-03,591.3333333333334
2023-04-04,563.625
2023-04-05,572.1666666666666
2023-04-06,639.5833333333334
2023-04-07,658.375
2023-04-08,688.3333333333334
2023-04-09,738.4583333333334
2023-04-10,778.125
2023-04-11,755.9166666666666
2023-04-12,755.125
2023-04-13,749.8333333333334
2023-04-14,750.7916666666666
2023-04-15,755.6666666666666
2023-04-16,731.9583333333334
2023-04-17,710.3333333333334
2023-04-18,695.5
2023-04-19,703.2083333333334
2023-04-20,661.125
2023-04-21,661.125
2023-04-22,653.4583333333334
2023-04-23,707.0833333333334
2023-04-24,665.125
2023-04-25,597.0416666666666
2023-04-26,576.0833333333334
2023-04-27,574.25
2023-04-28,550.3333333333334
2023-04-29,526.4583333333334
2023-04-30,515.5416666666666
2023-05-01,488.5833333333333
2023-05-02,483.2083333333333
2023-05-03,476.0
2023-05-04,464.7916666666667
2023-05-05,461.2083333333333
2023-05-06,472.7916666666667
2023-05-07,469.5
2023-05-08,451.5833333333333
2023-05-09,419.1666666666667
2023-05-10,384.1666666666667
2023-05-11,370.4583333333333
2023-05-12,344.6666666666667
2023-05-13,322.2083333333333
2023-05-14,351.9583333333333
2023-05-15,315.0833333333333
2023-05-16,289.9166666666667
2023-05-17,276.4166666666667
2023-05-18,261.5416666666667
2023-05-19,259.75
2023-05-20,247.33333333333334
2023-05-21,252.83333333333334
2023-05-22,241.25
2023-05-23,255.16666666666666
2023-05-24,253.58333333333334
2023-05-25,250.91666666666666
2023-05-26,243.16666666666666
2023-05-27,242.54166666666666
2023-05-28,244.45833333333334
2023-05-29,226.875
2023-05-30,221.875
2023-05-31,217.83333333333334
2023-06-01,212.25
2023-06-02,209.91666666666666
2023-06-03,205.45833333333334
2023-06-04,198.20833333333334
2023-06-05,193.91666666666666
2023-06-06,188.70833333333334
2023-06-07,185.08333333333334
2023-06-08,180.70833333333334
2023-06-09,188.0
2023-06-10,
2023-06-11,
2023-06-12,187.36363636363637
2023-06-13,184.125
2023-06-14,179.66666666666666
2023-06-15,180.47826086956522
2023-06-16,172.20833333333334
2023-06-17,164.29166666666666
2023-06-18,167.33333333333334
2023-06-19,166.33333333333334
2023-06-20,170.75
2023-06-21,168.79166666666666
2023-06-22,161.5
2023-06-23,155.95833333333334
2023-06-24,152.41666666666666
2023-06-25,142.66666666666666
2023-06-26,132.625
2023-06-27,127.20833333333333
2023-06-28,129.30434782608697
2023-06-29,131.04166666666666
2023-06-30,134.33333333333334
2023-07-01,133.75
2023-07-02,131.04166666666666
2023-07-03,129.625
2023-07-04,122.52380952380952
2023-07-05,115.5
2023-07-06,111.16666666666667
2023-07-07,111.83333333333333
2023-07-08,109.45833333333333
2023-07-09,107.20833333333333
2023-07-10,105.83333333333333
2023-07-11,105.375
2023-07-12,103.20833333333333
2023-07-13,102.75
2023-07-14,100.23809523809524
2023-07-15,97.33333333333333
2023-07-16,94.5
2023-07-17,91.5
2023-07-18,80.83333333333333
2023-07-19,76.0
2023-07-20,83.41666666666667
2023-07-21,98.625
2023-07-22,104.25
2023-07-23,101.75
2023-07-24,91.17391304347827
2023-07-25,86.26086956521739
2023-07-26,82.83333333333333
2023-07-27,79.29166666666667
2023-07-28,78.95833333333333
2023-07-29,71.83333333333333
2023-07-30,84.20833333333333
2023-07-31,82.70833333333333
2023-08-01,73.0
2023-08-02,64.41666666666667
2023-08-03,64.79166666666667
2023-08-04,64.66666666666667
2023-08-05,59.916666666666664
2023-08-06,56.666666666666664
2023-08-07,60.625
2023-08-08,64.25
2023-08-09,58.583333333333336
2023-08-10,60.625
2023-08-11,65.29166666666667
2023-08-12,65.45833333333333
2023-08-13,62.416666666666664
2023-08-14,56.708333333333336
2023-08-15,52.166666666666664
2023-08-16,62.083333333333336
2023-08-17,53.833333333333336
2023-08-18,55.541666666666664
2023-08-19,65.29166666666667
2023-08-20,49.833333333333336
2023-08-21,31.333333333333332
2023-08-22,30.916666666666668
2023-08-23,32.166666666666664
2023-08-24,35.708333333333336
2023-08-25,33.833333333333336
2023-08-26,34.958333333333336
2023-08-27,50.458333333333336
2023-08-28,58.208333333333336
2023-08-29,37.791666666666664
2023-08-30,42.458333333333336
2023-08-31,37.333333333333336
2023-09-01,36.5
2023-09-02,35.291666666666664
2023-09-03,35.166666666666664
2023-09-04,36.125
2023-09-05,36.875
2023-09-06,38.791666666666664
2023-09-07,37.916666666666664
2023-09-08,36.208333333333336
2023-09-09,35.333333333333336
2023-09-10,34.916666666666664
2023-09-11,37.77272727272727
2023-09-12,36.708333333333336
2023-09-13,35.458333333333336
2023-09-14,37.208333333333336
2023-09-15,33.291666666666664
2023-09-16,32.0
2023-09-17,28.791666666666668
2023-09-18,24.916666666666668
2023-09-19,26.916666666666668
2023-09-20,29.291666666666668
2023-09-21,29.208333333333332
2023-09-22,32.458333333333336
2023-09-23,31.5
2023-09-24,34.333333333333336
2023-09-25,33.458333333333336
2023-09-26,34.166666666666664
2023-09-27,38.625
2023-09-28,42.5
2023-09-29,42.958333333333336
2023-09-30,38.208333333333336
2023-10-01,51.791666666666664
2023-10-02,62.833333333333336
2023-10-03,63.0
2023-10-04,59.416666666666664
2023-10-05,58.125
2023-10-06,54.791666666666664
2023-10-07,49.041666666666664
2023-10-08,42.583333333333336
2023-10-09,45.166666666666664
2023-10-10,35.125
2023-10-11,34.833333333333336
2023-10-12,35.791666666666664
2023-10-13,40.5
2023-10-14,42.666666666666664
2023-10-15,35.25
2023-10-16,29.125
2023-10-17,21.0
2023-10-18,31.208333333333332
2023-10-19,-8.583333333333334
2023-10-20,-42.75
2023-10-21,-39.0
2023-10-22,-37.666666666666664
2023-10-23,-42.875
2023-10-24,-55.958333333333336
2023-10-25,-66.16666666666667
2023-10-26,-70.625
2023-10-27,-71.08333333333333
2023-10-28,-64.83333333333333
2023-10-29,-53.5
2023-10-30,-7.916666666666667
2023-10-31,104.375
2023-11-01,109.66666666666667
2023-11-02,110.83333333333333
2023-11-03,111.95833333333333
2023-11-04,126.66666666666667
2023-11-05,114.70833333333333
2023-11-06,111.0
2023-11-07,79.54166666666667
2023-11-08,-30.875
2023-11-09,-29.666666666666668
2023-11-10,-36.291666666666664
2023-11-11,-40.708333333333336
2023-11-12,-37.916666666666664
2023-11-13,-43.608695652173914
2023-11-14,-45.875
2023-11-15,-44.791666666666664
2023-11-16,-40.125
2023-11-17,4.35
2023-11-18,41.625
2023-11-19,-17.916666666666668
2023-11-20,-53.625
2023-11-21,-68.875
2023-11-22,12.333333333333334
2023-11-23,-3.3333333333333335
2023-11-24,-70.33333333333333
2023-11-25,-65.08333333333333
2023-11-26,-64.20833333333333
2023-11-27,-61.75
2023-11-28,-37.291666666666664
2023-11-29,37.958333333333336
2023-11-30,41.833333333333336
2023-12-01,42.125
2023-12-02,44.333333333333336
2023-12-03,43.75
2023-12-04,48.25
2023-12-05,46.458333333333336
2023-12-06,52.0
2023-12-07,52.083333333333336
2023-12-08,49.125
2023-12-09,49.708333333333336
2023-12-10,56.875
2023-12-11,59.041666666666664
2023-12-12,51.041666666666664
2023-12-13,45.208333333333336
2023-12-14,46.208333333333336
2023-12-15,53.25
2023-12-16,54.083333333333336
2023-12-17,57.333333333333336
2023-12-18,49.875
2023-12-19,52.083333333333336
2023-12-20,52.53333333333333
2023-12-21,79.23076923076923
2023-12-22,69.5
2023-12-23,57.916666666666664
2023-12-24,75.875
2023-12-25,85.08333333333333
2023-12-26,88.79166666666667
2023-12-27,96.95833333333333
2023-12-28,99.16666666666667
2023-12-29,99.875
2023-12-30,99.33333333333333
2023-12-31,97.91666666666667
2024-01-01,100.875
2024-01-02,95.95833333333333
2024-01-03,93.25
2024-01-04,94.79166666666667
2024-01-05,109.75
2024-01-06,119.375
2024-01-07,131.16666666666666
2024-01-08,118.58333333333333
2024-01-09,106.25
2024-01-10,103.125
2024-01-11,95.79166666666667
2024-01-12,95.91666666666667
2024-01-13,96.375
2024-01-14,94.54166666666667
2024-01-15,94.89473684210526
2024-01-16,105.83333333333333
2024-01-17,137.04166666666666
2024-01-18,130.83333333333334
2024-01-19,126.16666666666667
2024-01-20,123.625
2024-01-21,104.95833333333333
2024-01-22,99.45833333333333
2024-01-23,117.16666666666667
2024-01-24,134.33333333333334
2024-01-25,144.25
2024-01-26,159.16666666666666
2024-01-27,178.25
2024-01-28,217.66666666666666
2024-01-29,237.29166666666666
2024-01-30,237.125
2024-01-31,242.45833333333334
2024-02-01,233.0
2024-02-02,216.75
2024-02-03,203.625
2024-02-04,212.41666666666666
2024-02-05,225.54166666666666
2024-02-06,234.91666666666666
2024-02-07,254.375
2024-02-08,267.2916666666667
2024-02-09,262.7916666666667
2024-02-10,246.5
2024-02-11,226.83333333333334
2024-02-12,224.20833333333334
2024-02-13,230.45833333333334
2024-02-14,241.875
2024-02-15,249.08333333333334
2024-02-16,247.875
2024-02-17,240.2941176470588
2024-02-18,
2024-02-19,247.0
2024-02-20,257.4166666666667
2024-02-21,259.7916666666667
2024-02-22,231.83333333333334
2024-02-23,261.8333333333333
2024-02-24,308.25
2024-02-25,449.2916666666667
2024-02-26,522.5
2024-02-27,511.0416666666667
2024-02-28,499.4166666666667
2024-02-29,466.1666666666667
2024-03-01,434.75
2024-03-02,419.125
2024-03-03,345.5
2024-03-04,340.25
2024-03-05,303.2083333333333
2024-03-06,292.0416666666667
2024-03-07,266.25
2024-03-08,265.5833333333333
2024-03-09,259.875
2024-03-10,263.2916666666667
2024-03-11,243.66666666666666
2024-03-12,242.54166666666666
2024-03-13,245.29166666666666
2024-03-14,245.5
2024-03-15,255.66666666666666
2024-03-16,256.5833333333333
2024-03-17,255.95833333333334
2024-03-18,266.5
2024-03-19,275.82608695652175
2024-03-20,266.2083333333333
2024-03-21,272.4583333333333
2024-03-22,271.125
2024-03-23,283.5416666666667
2024-03-24,335.625
2024-03-25,373.25
2024-03-26,422.2083333333333
2024-03-27,491.0
2024-03-28,540.2916666666666
2024-03-29,561.0
2024-03-30,564.9166666666666
2024-03-31,556.4166666666666
2024-04-01,541.9166666666666
2024-04-02,501.9166666666667
2024-04-03,482.0416666666667
2024-04-04,464.5416666666667
2024-04-05,456.625
2024-04-06,497.6666666666667
2024-04-07,528.875
2024-04-08,527.75
2024-04-09,527.0416666666666
2024-04-10,524.5454545454545
2024-04-11,522.3333333333334
2024-04-12,514.0434782608696
2024-04-13,508.7916666666667
2024-04-14,507.4583333333333
2024-04-15,531.9583333333334
2024-04-16,547.1666666666666
2024-04-17,567.2083333333334
2024-04-18,553.7083333333334
2024-04-19,531.5833333333334
2024-04-20,496.25
2024-04-21,579.375
2024-04-22,502.0416666666667
2024-04-23,457.2916666666667
2024-04-24,490.0833333333333
2024-04-25,431.9166666666667
2024-04-26,425.4166666666667
2024-04-27,417.8333333333333
2024-04-28,480.5416666666667
2024-04-29,414.625
2024-04-30,375.375
2024-05-01,374.8333333333333
2024-05-02,326.4583333333333
2024-05-03,314.5833333333333
2024-05-04,319.125
2024-05-05,284.4782608695652
2024-05-06,293.9583333333333
2024-05-07,267.9583333333333
2024-05-08,274.3333333333333
2024-05-09,274.2083333333333
2024-05-10,261.5
2024-05-11,264.1666666666667
2024-05-12,257.0833333333333
2024-05-13,246.45833333333334
2024-05-14,233.95652173913044
2024-05-15,230.0
2024-05-16,227.30434782608697
2024-05-17,219.69565217391303
2024-05-18,219.54166666666666
2024-05-19,254.375
2024-05-20,237.75
2024-05-21,229.375
2024-05-22,233.125
2024-05-23,237.95833333333334
2024-05-24,237.08695652173913
2024-05-25,235.33333333333334
2024-05-26,233.29166666666666
2024-05-27,234.08333333333334
2024-05-28,229.0
2024-05-29,175.625
2024-05-30,191.75
2024-05-31,215.29166666666666
2024-06-01,187.0
2024-06-02,191.91666666666666
2024-06-03,184.70833333333334
2024-06-04,133.75
2024-06-05,109.0
2024-06-06,145.08333333333334
2024-06-07,148.0
2024-06-08,141.04166666666666
2024-06-09,138.875
2024-06-10,133.125
2024-06-11,128.875
2024-06-12,124.5
2024-06-13,120.20833333333333
2024-06-14,122.16666666666667
2024-06-15,130.75
2024-06-16,129.54166666666666
2024-06-17,126.54166666666667
2024-06-18,122.16666666666667
2024-06-19,117.16666666666667
2024-06-20,132.54166666666666
2024-06-21,130.29166666666666
2024-06-22,114.83333333333333
2024-06-23,100.45833333333333
2024-06-24,95.95652173913044
2024-06-25,99.55
2024-06-26,93.41666666666667
2024-06-27,80.16666666666667
2024-06-28,85.75
2024-06-29,86.66666666666667
2024-06-30,82.70833333333333
2024-07-01,72.125
2024-07-02,86.9090909090909
2024-07-03,87.04166666666667
2024-07-04,87.04347826086956
2024-07-05,90.625
2024-07-06,86.6086956521739
2024-07-07,80.26086956521739
2024-07-08,75.875
2024-07-09,74.20833333333333
2024-07-10,79.61904761904762
2024-07-11,75.78260869565217
2024-07-12,72.86363636363636
2024-07-13,80.68181818181819
2024-07-14,91.23809523809524
2024-07-15,82.8
2024-07-16,77.23529411764706
2024-07-17,66.5909090909091
2024-07-18,68.375
2024-07-19,78.875
2024-07-20,77.79166666666667
2024-07-21,78.16666666666667
2024-07-22,82.16666666666667
2024-07-23,80.29166666666667
2024-07-24,76.08333333333333
2024-07-25,72.83333333333333
2024-07-26,58.5
2024-07-27,51.125
2024-07-28,51.75
2024-07-29,114.95833333333333
2024-07-30,48.083333333333336
2024-07-31,558.2173913043479
2024-08-01,47.583333333333336
2024-08-02,47.291666666666664
2024-08-03,47.0
2024-08-04,47.458333333333336
2024-08-05,46.125
2024-08-06,45.166666666666664
2024-08-07,43.708333333333336
2024-08-08,43.833333333333336
2024-08-09,44.208333333333336
2024-08-10,41.25
2024-08-11,39.291666666666664
2024-08-12,39.625
2024-08-13,40.291666666666664
2024-08-14,39.916666666666664
2024-08-15,39.25
2024-08-16,40.166666666666664
2024-08-17,39.916666666666664
2024-08-18,41.416666666666664
2024-08-19,40.833333333333336
2024-08-20,40.916666666666664
2024-08-21,40.166666666666664
2024-08-22,40.7
