Date,PARANAIBA CACU
2020-01-01,117.04166666666667
2020-01-02,132.66666666666666
2020-01-03,175.20833333333334
2020-01-04,193.16666666666666
2020-01-05,184.25
2020-01-06,173.41666666666666
2020-01-07,153.91666666666666
2020-01-08,178.04166666666666
2020-01-09,178.625
2020-01-10,216.91666666666666
2020-01-11,195.54166666666666
2020-01-12,165.95833333333334
2020-01-13,157.54166666666666
2020-01-14,152.66666666666666
2020-01-15,129.125
2020-01-16,138.75
2020-01-17,176.83333333333334
2020-01-18,222.0
2020-01-19,215.33333333333334
2020-01-20,173.58333333333334
2020-01-21,177.45833333333334
2020-01-22,165.20833333333334
2020-01-23,162.125
2020-01-24,146.45833333333334
2020-01-25,175.79166666666666
2020-01-26,225.83333333333334
2020-01-27,223.875
2020-01-28,200.29166666666666
2020-01-29,168.70833333333334
2020-01-30,145.625
2020-01-31,143.625
2020-02-01,210.08333333333334
2020-02-02,218.04166666666666
2020-02-03,182.91666666666666
2020-02-04,192.04166666666666
2020-02-05,208.70833333333334
2020-02-06,225.70833333333334
2020-02-07,302.375
2020-02-08,390.5416666666667
2020-02-09,413.875
2020-02-10,406.75
2020-02-11,332.125
2020-02-12,290.5833333333333
2020-02-13,339.4166666666667
2020-02-14,296.0416666666667
2020-02-15,259.7916666666667
2020-02-16,232.58333333333334
2020-02-17,268.0
2020-02-18,311.2916666666667
2020-02-19,310.5
2020-02-20,232.125
2020-02-21,335.875
2020-02-22,313.5416666666667
2020-02-23,251.20833333333334
2020-02-24,271.2916666666667
2020-02-25,267.125
2020-02-26,262.0833333333333
2020-02-27,277.7916666666667
2020-02-28,331.3333333333333
2020-02-29,371.9166666666667
2020-03-01,324.5833333333333
2020-03-02,361.6666666666667
2020-03-03,281.1666666666667
2020-03-04,245.75
2020-03-05,210.45833333333334
2020-03-06,245.20833333333334
2020-03-07,223.33333333333334
2020-03-08,215.08333333333334
2020-03-09,209.29166666666666
2020-03-10,194.83333333333334
2020-03-11,181.375
2020-03-12,172.70833333333334
2020-03-13,165.08333333333334
2020-03-14,164.04166666666666
2020-03-15,165.58333333333334
2020-03-16,188.95833333333334
2020-03-17,216.5
2020-03-18,195.75
2020-03-19,173.54166666666666
2020-03-20,194.66666666666666
2020-03-21,268.3333333333333
2020-03-22,277.0416666666667
2020-03-23,285.0
2020-03-24,301.8333333333333
2020-03-25,270.5416666666667
2020-03-26,254.5
2020-03-27,233.625
2020-03-28,217.625
2020-03-29,213.08333333333334
2020-03-30,213.08333333333334
2020-03-31,214.45833333333334
2020-04-01,212.29166666666666
2020-04-02,200.20833333333334
2020-04-03,194.45833333333334
2020-04-04,172.83333333333334
2020-04-05,194.83333333333334
2020-04-06,184.0
2020-04-07,179.95833333333334
2020-04-08,192.91666666666666
2020-04-09,187.16666666666666
2020-04-10,171.625
2020-04-11,160.08333333333334
2020-04-12,168.5
2020-04-13,179.08333333333334
2020-04-14,179.25
2020-04-15,193.25
2020-04-16,196.58333333333334
2020-04-17,173.0
2020-04-18,165.08333333333334
2020-04-19,164.58333333333334
2020-04-20,206.45833333333334
2020-04-21,187.33333333333334
2020-04-22,178.20833333333334
2020-04-23,156.58333333333334
2020-04-24,152.5
2020-04-25,148.41666666666666
2020-04-26,146.29166666666666
2020-04-27,143.125
2020-04-28,138.75
2020-04-29,138.29166666666666
2020-04-30,132.41666666666666
2020-05-01,127.20833333333333
2020-05-02,132.70833333333334
2020-05-03,125.29166666666667
2020-05-04,120.91666666666667
2020-05-05,128.70833333333334
2020-05-06,128.125
2020-05-07,132.29166666666666
2020-05-08,142.08333333333334
2020-05-09,138.04166666666666
2020-05-10,130.83333333333334
2020-05-11,126.25
2020-05-12,122.125
2020-05-13,120.29166666666667
2020-05-14,122.5
2020-05-15,121.54166666666667
2020-05-16,125.95833333333333
2020-05-17,133.29166666666666
2020-05-18,130.16666666666666
2020-05-19,120.66666666666667
2020-05-20,119.33333333333333
2020-05-21,121.75
2020-05-22,107.83333333333333
2020-05-23,122.41666666666667
2020-05-24,165.75
2020-05-25,195.125
2020-05-26,158.83333333333334
2020-05-27,140.45833333333334
2020-05-28,123.20833333333333
2020-05-29,124.75
2020-05-30,126.95833333333333
2020-05-31,112.41666666666667
2020-06-01,118.58333333333333
2020-06-02,115.75
2020-06-03,110.33333333333333
2020-06-04,118.04166666666667
2020-06-05,103.54166666666667
2020-06-06,113.875
2020-06-07,103.41666666666667
2020-06-08,109.66666666666667
2020-06-09,104.5
2020-06-10,104.29166666666667
2020-06-11,107.54166666666667
2020-06-12,99.875
2020-06-13,101.95833333333333
2020-06-14,96.0
2020-06-15,94.25
2020-06-16,96.16666666666667
2020-06-17,94.66666666666667
2020-06-18,93.66666666666667
2020-06-19,94.33333333333333
2020-06-20,93.83333333333333
2020-06-21,93.83333333333333
2020-06-22,96.125
2020-06-23,89.58333333333333
2020-06-24,94.45833333333333
2020-06-25,91.08333333333333
2020-06-26,86.58333333333333
2020-06-27,88.66666666666667
2020-06-28,90.79166666666667
2020-06-29,93.79166666666667
2020-06-30,90.45833333333333
2020-07-01,87.58333333333333
2020-07-02,87.875
2020-07-03,84.20833333333333
2020-07-04,80.79166666666667
2020-07-05,85.33333333333333
2020-07-06,83.16666666666667
2020-07-07,81.20833333333333
2020-07-08,77.83333333333333
2020-07-09,78.125
2020-07-10,79.58333333333333
2020-07-11,84.54166666666667
2020-07-12,82.91666666666667
2020-07-13,81.29166666666667
2020-07-14,81.0
2020-07-15,82.54166666666667
2020-07-16,78.66666666666667
2020-07-17,80.45833333333333
2020-07-18,78.5
2020-07-19,80.0
2020-07-20,78.375
2020-07-21,76.33333333333333
2020-07-22,80.54166666666667
2020-07-23,75.375
2020-07-24,76.25
2020-07-25,78.41666666666667
2020-07-26,72.0
2020-07-27,76.45833333333333
2020-07-28,74.58333333333333
2020-07-29,74.95833333333333
2020-07-30,73.45833333333333
2020-07-31,73.20833333333333
2020-08-01,70.29166666666667
2020-08-02,73.0
2020-08-03,72.375
2020-08-04,67.45833333333333
2020-08-05,72.875
2020-08-06,70.58333333333333
2020-08-07,71.54166666666667
2020-08-08,68.79166666666667
2020-08-09,67.875
2020-08-10,70.0
2020-08-11,66.54166666666667
2020-08-12,71.54166666666667
2020-08-13,68.29166666666667
2020-08-14,67.66666666666667
2020-08-15,63.958333333333336
2020-08-16,66.375
2020-08-17,62.083333333333336
2020-08-18,61.916666666666664
2020-08-19,63.041666666666664
2020-08-20,61.166666666666664
2020-08-21,59.375
2020-08-22,59.416666666666664
2020-08-23,63.75
2020-08-24,64.625
2020-08-25,65.08695652173913
2020-08-26,70.33333333333333
2020-08-27,64.16666666666667
2020-08-28,59.833333333333336
2020-08-29,58.625
2020-08-30,59.208333333333336
2020-08-31,58.166666666666664
2020-09-01,52.458333333333336
2020-09-02,54.0
2020-09-03,55.5
2020-09-04,53.541666666666664
2020-09-05,55.208333333333336
2020-09-06,48.041666666666664
2020-09-07,53.625
2020-09-08,53.583333333333336
2020-09-09,44.25
2020-09-10,53.375
2020-09-11,51.458333333333336
2020-09-12,50.041666666666664
2020-09-13,48.291666666666664
2020-09-14,45.5
2020-09-15,41.083333333333336
2020-09-16,48.416666666666664
2020-09-17,45.916666666666664
2020-09-18,48.583333333333336
2020-09-19,40.541666666666664
2020-09-20,49.541666666666664
2020-09-21,47.833333333333336
2020-09-22,52.5
2020-09-23,71.625
2020-09-24,74.0
2020-09-25,73.08333333333333
2020-09-26,70.33333333333333
2020-09-27,61.708333333333336
2020-09-28,57.416666666666664
2020-09-29,42.125
2020-09-30,48.208333333333336
2020-10-01,41.791666666666664
2020-10-02,39.083333333333336
2020-10-03,45.833333333333336
2020-10-04,44.875
2020-10-05,44.291666666666664
2020-10-06,43.875
2020-10-07,35.625
2020-10-08,35.875
2020-10-09,46.083333333333336
2020-10-10,35.083333333333336
2020-10-11,37.125
2020-10-12,44.791666666666664
2020-10-13,43.666666666666664
2020-10-14,46.875
2020-10-15,41.166666666666664
2020-10-16,63.333333333333336
2020-10-17,89.375
2020-10-18,74.0
2020-10-19,71.79166666666667
2020-10-20,74.58333333333333
2020-10-21,91.41666666666667
2020-10-22,120.29166666666667
2020-10-23,154.875
2020-10-24,145.58333333333334
2020-10-25,146.375
2020-10-26,152.16666666666666
2020-10-27,191.45833333333334
2020-10-28,191.125
2020-10-29,144.5
2020-10-30,174.16666666666666
2020-10-31,191.45833333333334
2020-11-01,175.45833333333334
2020-11-02,132.41666666666666
2020-11-03,108.58333333333333
2020-11-04,91.95833333333333
2020-11-05,81.0
2020-11-06,80.54166666666667
2020-11-07,74.41666666666667
2020-11-08,72.33333333333333
2020-11-09,72.91666666666667
2020-11-10,77.75
2020-11-11,79.5
2020-11-12,85.83333333333333
2020-11-13,98.33333333333333
2020-11-14,92.48
2020-11-15,123.58333333333333
2020-11-16,144.16666666666666
2020-11-17,121.54166666666667
2020-11-18,112.33333333333333
2020-11-19,105.33333333333333
2020-11-20,90.95833333333333
2020-11-21,94.41666666666667
2020-11-22,86.625
2020-11-23,83.125
2020-11-24,88.75
2020-11-25,82.54166666666667
2020-11-26,79.25
2020-11-27,79.58333333333333
2020-11-28,63.583333333333336
2020-11-29,64.20833333333333
2020-11-30,61.166666666666664
2020-12-01,59.916666666666664
2020-12-02,62.791666666666664
2020-12-03,53.208333333333336
2020-12-04,61.083333333333336
2020-12-05,55.375
2020-12-06,75.625
2020-12-07,119.29166666666667
2020-12-08,113.91666666666667
2020-12-09,149.54166666666666
2020-12-10,137.375
2020-12-11,155.875
2020-12-12,145.66666666666666
2020-12-13,145.25
2020-12-14,120.66666666666667
2020-12-15,104.29166666666667
2020-12-16,114.33333333333333
2020-12-17,104.375
2020-12-18,93.16666666666667
2020-12-19,103.33333333333333
2020-12-20,102.5
2020-12-21,120.54166666666667
2020-12-22,120.375
2020-12-23,112.25
2020-12-24,111.375
2020-12-25,133.25
2020-12-26,139.66666666666666
2020-12-27,133.04166666666666
2020-12-28,178.95833333333334
2020-12-29,180.375
2020-12-30,163.33333333333334
2020-12-31,159.5
2021-01-01,143.5
2021-01-02,118.70833333333333
2021-01-03,108.45833333333333
2021-01-04,104.375
2021-01-05,144.33333333333334
2021-01-06,142.54166666666666
2021-01-07,119.41666666666667
2021-01-08,126.25
2021-01-09,132.04166666666666
2021-01-10,116.5
2021-01-11,109.375
2021-01-12,119.91666666666667
2021-01-13,127.375
2021-01-14,144.125
2021-01-15,213.375
2021-01-16,266.9583333333333
2021-01-17,232.41666666666666
2021-01-18,241.95833333333334
2021-01-19,220.70833333333334
2021-01-20,220.5
2021-01-21,225.20833333333334
2021-01-22,189.0
2021-01-23,179.29166666666666
2021-01-24,170.29166666666666
2021-01-25,174.5
2021-01-26,155.08333333333334
2021-01-27,156.58333333333334
2021-01-28,155.91666666666666
2021-01-29,163.66666666666666
2021-01-30,168.29166666666666
2021-01-31,160.04166666666666
2021-02-01,152.5
2021-02-02,144.20833333333334
2021-02-03,136.41666666666666
2021-02-04,139.83333333333334
2021-02-05,136.33333333333334
2021-02-06,125.125
2021-02-07,138.20833333333334
2021-02-08,119.79166666666667
2021-02-09,118.375
2021-02-10,112.54166666666667
2021-02-11,109.5
2021-02-12,120.29166666666667
2021-02-13,121.91666666666667
2021-02-14,148.70833333333334
2021-02-15,180.58333333333334
2021-02-16,171.70833333333334
2021-02-17,186.5
2021-02-18,175.125
2021-02-19,158.58333333333334
2021-02-20,139.0
2021-02-21,134.25
2021-02-22,137.08333333333334
2021-02-23,145.5
2021-02-24,134.75
2021-02-25,134.25
2021-02-26,147.54166666666666
2021-02-27,136.625
2021-02-28,154.875
2021-03-01,183.79166666666666
2021-03-02,184.25
2021-03-03,202.33333333333334
2021-03-04,213.95833333333334
2021-03-05,204.25
2021-03-06,188.33333333333334
2021-03-07,211.70833333333334
2021-03-08,211.29166666666666
2021-03-09,232.16666666666666
2021-03-10,247.75
2021-03-11,206.20833333333334
2021-03-12,214.625
2021-03-13,198.125
2021-03-14,176.375
2021-03-15,195.125
2021-03-16,218.04166666666666
2021-03-17,247.58333333333334
2021-03-18,236.33333333333334
2021-03-19,216.04166666666666
2021-03-20,226.58333333333334
2021-03-21,208.125
2021-03-22,189.66666666666666
2021-03-23,181.95833333333334
2021-03-24,167.66666666666666
2021-03-25,154.125
2021-03-26,144.75
2021-03-27,138.33333333333334
2021-03-28,133.33333333333334
2021-03-29,124.20833333333333
2021-03-30,126.58333333333333
2021-03-31,127.91666666666667
2021-04-01,132.20833333333334
2021-04-02,129.33333333333334
2021-04-03,141.16666666666666
2021-04-04,139.29166666666666
2021-04-05,145.20833333333334
2021-04-06,142.45833333333334
2021-04-07,138.04166666666666
2021-04-08,135.20833333333334
2021-04-09,142.08333333333334
2021-04-10,144.375
2021-04-11,135.66666666666666
2021-04-12,138.70833333333334
2021-04-13,129.83333333333334
2021-04-14,119.625
2021-04-15,116.16666666666667
2021-04-16,115.83333333333333
2021-04-17,133.0
2021-04-18,149.45833333333334
2021-04-19,146.91666666666666
2021-04-20,138.66666666666666
2021-04-21,122.58333333333333
2021-04-22,122.45833333333333
2021-04-23,108.125
2021-04-24,106.95833333333333
2021-04-25,104.70833333333333
2021-04-26,103.41666666666667
2021-04-27,103.75
2021-04-28,105.66666666666667
2021-04-29,103.95833333333333
2021-04-30,98.20833333333333
2021-05-01,104.20833333333333
2021-05-02,99.95833333333333
2021-05-03,103.375
2021-05-04,98.66666666666667
2021-05-05,97.04166666666667
2021-05-06,94.125
2021-05-07,95.45833333333333
2021-05-08,95.66666666666667
2021-05-09,92.25
2021-05-10,96.08333333333333
2021-05-11,90.54166666666667
2021-05-12,90.91666666666667
2021-05-13,90.41666666666667
2021-05-14,90.70833333333333
2021-05-15,91.5
2021-05-16,86.70833333333333
2021-05-17,90.70833333333333
2021-05-18,86.70833333333333
2021-05-19,84.41666666666667
2021-05-20,84.04166666666667
2021-05-21,84.54166666666667
2021-05-22,92.29166666666667
2021-05-23,127.54166666666667
2021-05-24,152.75
2021-05-25,171.5
2021-05-26,149.0
2021-05-27,119.54166666666667
2021-05-28,108.58333333333333
2021-05-29,99.875
2021-05-30,95.95833333333333
2021-05-31,95.5
2021-06-01,90.70833333333333
2021-06-02,95.70833333333333
2021-06-03,90.41666666666667
2021-06-04,95.125
2021-06-05,89.45833333333333
2021-06-06,88.58333333333333
2021-06-07,89.25
2021-06-08,82.08333333333333
2021-06-09,81.95833333333333
2021-06-10,90.1304347826087
2021-06-11,93.70833333333333
2021-06-12,97.70833333333333
2021-06-13,104.125
2021-06-14,100.79166666666667
2021-06-15,99.95833333333333
2021-06-16,88.875
2021-06-17,90.33333333333333
2021-06-18,86.41666666666667
2021-06-19,82.04166666666667
2021-06-20,83.45833333333333
2021-06-21,80.5
2021-06-22,80.70833333333333
2021-06-23,80.375
2021-06-24,80.45833333333333
2021-06-25,79.75
2021-06-26,74.25
2021-06-27,72.95833333333333
2021-06-28,73.20833333333333
2021-06-29,67.91666666666667
2021-06-30,72.0
2021-07-01,71.75
2021-07-02,74.70833333333333
2021-07-03,73.625
2021-07-04,79.45833333333333
2021-07-05,79.375
2021-07-06,76.04166666666667
2021-07-07,75.5
2021-07-08,75.08333333333333
2021-07-09,78.47826086956522
2021-07-10,76.45833333333333
2021-07-11,73.08333333333333
2021-07-12,75.54166666666667
2021-07-13,77.79166666666667
2021-07-14,72.0
2021-07-15,75.70833333333333
2021-07-16,72.0
2021-07-17,73.45833333333333
2021-07-18,72.41666666666667
2021-07-19,71.45833333333333
2021-07-20,70.58333333333333
2021-07-21,74.41666666666667
2021-07-22,72.25
2021-07-23,72.33333333333333
2021-07-24,73.625
2021-07-25,72.0
2021-07-26,71.5
2021-07-27,71.54166666666667
2021-07-28,69.58333333333333
2021-07-29,69.54166666666667
2021-07-30,69.66666666666667
2021-07-31,69.29166666666667
2021-08-01,69.5
2021-08-02,67.95833333333333
2021-08-03,68.41666666666667
2021-08-04,68.0
2021-08-05,69.5
2021-08-06,69.45833333333333
2021-08-07,69.04166666666667
2021-08-08,67.25
2021-08-09,68.5
2021-08-10,66.70833333333333
2021-08-11,65.66666666666667
2021-08-12,66.125
2021-08-13,65.75
2021-08-14,65.70833333333333
2021-08-15,65.8695652173913
2021-08-16,60.5
2021-08-17,60.583333333333336
2021-08-18,77.125
2021-08-19,60.0
2021-08-20,60.416666666666664
2021-08-21,57.833333333333336
2021-08-22,58.375
2021-08-23,59.083333333333336
2021-08-24,59.791666666666664
2021-08-25,58.791666666666664
2021-08-26,60.666666666666664
2021-08-27,64.75
2021-08-28,56.708333333333336
2021-08-29,55.333333333333336
2021-08-30,57.541666666666664
2021-08-31,58.583333333333336
2021-09-01,64.04166666666667
2021-09-02,59.041666666666664
2021-09-03,56.69565217391305
2021-09-04,56.708333333333336
2021-09-05,54.375
2021-09-06,54.666666666666664
2021-09-07,55.208333333333336
2021-09-08,53.375
2021-09-09,54.208333333333336
2021-09-10,55.208333333333336
2021-09-11,53.708333333333336
2021-09-12,56.583333333333336
2021-09-13,56.666666666666664
2021-09-14,56.25
2021-09-15,54.75
2021-09-16,58.541666666666664
2021-09-17,49.333333333333336
2021-09-18,52.166666666666664
2021-09-19,54.25
2021-09-20,50.75
2021-09-21,46.708333333333336
2021-09-22,42.916666666666664
2021-09-23,48.833333333333336
2021-09-24,47.791666666666664
2021-09-25,38.75
2021-09-26,51.291666666666664
2021-09-27,52.958333333333336
2021-09-28,56.875
2021-09-29,58.208333333333336
2021-09-30,56.041666666666664
2021-10-01,53.666666666666664
2021-10-02,55.958333333333336
2021-10-03,69.29166666666667
2021-10-04,72.79166666666667
2021-10-05,69.20833333333333
2021-10-06,77.41666666666667
2021-10-07,67.29166666666667
2021-10-08,69.70833333333333
2021-10-09,67.58333333333333
2021-10-10,67.83333333333333
2021-10-11,79.20833333333333
2021-10-12,86.25
2021-10-13,87.66666666666667
2021-10-14,70.29166666666667
2021-10-15,73.125
2021-10-16,95.83333333333333
2021-10-17,93.66666666666667
2021-10-18,90.16666666666667
2021-10-19,100.16666666666667
2021-10-20,111.41666666666667
2021-10-21,127.125
2021-10-22,101.16666666666667
2021-10-23,92.91666666666667
2021-10-24,92.08333333333333
2021-10-25,95.54166666666667
2021-10-26,99.83333333333333
2021-10-27,108.0
2021-10-28,138.41666666666666
2021-10-29,129.625
2021-10-30,181.79166666666666
2021-10-31,187.70833333333334
2021-11-01,172.33333333333334
2021-11-02,145.83333333333334
2021-11-03,117.16666666666667
2021-11-04,113.33333333333333
2021-11-05,111.91666666666667
2021-11-06,109.95833333333333
2021-11-07,103.5
2021-11-08,98.45833333333333
2021-11-09,115.70833333333333
2021-11-10,112.66666666666667
2021-11-11,127.45833333333333
2021-11-12,158.29166666666666
2021-11-13,221.625
2021-11-14,200.45833333333334
2021-11-15,182.83333333333334
2021-11-16,164.45833333333334
2021-11-17,136.83333333333334
2021-11-18,152.83333333333334
2021-11-19,174.25
2021-11-20,225.41666666666666
2021-11-21,317.2916666666667
2021-11-22,266.125
2021-11-23,221.66666666666666
2021-11-24,179.29166666666666
2021-11-25,166.25
2021-11-26,147.375
2021-11-27,141.54166666666666
2021-11-28,125.54166666666667
2021-11-29,128.58333333333334
2021-11-30,180.04166666666666
2021-12-01,235.25
2021-12-02,221.25
2021-12-03,181.0
2021-12-04,193.29166666666666
2021-12-05,183.75
2021-12-06,171.54166666666666
2021-12-07,144.5
2021-12-08,134.125
2021-12-09,127.75
2021-12-10,124.125
2021-12-11,116.54166666666667
2021-12-12,138.04166666666666
2021-12-13,128.58333333333334
2021-12-14,160.75
2021-12-15,201.66666666666666
2021-12-16,256.0833333333333
2021-12-17,315.25
2021-12-18,243.29166666666666
2021-12-19,241.625
2021-12-20,232.58333333333334
2021-12-21,254.41666666666666
2021-12-22,223.125
2021-12-23,214.5
2021-12-24,259.7916666666667
2021-12-25,239.375
2021-12-26,189.25
2021-12-27,167.91666666666666
2021-12-28,151.54166666666666
2021-12-29,142.54166666666666
2021-12-30,194.33333333333334
2021-12-31,254.125
2022-01-01,245.5
2022-01-02,214.66666666666666
2022-01-03,206.91666666666666
2022-01-04,193.75
2022-01-05,191.875
2022-01-06,208.79166666666666
2022-01-07,237.08333333333334
2022-01-08,368.0833333333333
2022-01-09,366.125
2022-01-10,373.4583333333333
2022-01-11,399.3333333333333
2022-01-12,407.2083333333333
2022-01-13,367.25
2022-01-14,298.2916666666667
2022-01-15,257.5416666666667
2022-01-16,223.16666666666666
2022-01-17,191.91666666666666
2022-01-18,190.5
2022-01-19,194.5
2022-01-20,181.29166666666666
2022-01-21,180.0
2022-01-22,172.125
2022-01-23,161.04166666666666
2022-01-24,165.20833333333334
2022-01-25,171.58333333333334
2022-01-26,187.66666666666666
2022-01-27,232.75
2022-01-28,237.625
2022-01-29,246.625
2022-01-30,279.0
2022-01-31,277.8333333333333
2022-02-01,264.1666666666667
2022-02-02,288.25
2022-02-03,285.875
2022-02-04,272.0833333333333
2022-02-05,234.75
2022-02-06,213.5
2022-02-07,244.5
2022-02-08,248.33333333333334
2022-02-09,278.7083333333333
2022-02-10,285.6666666666667
2022-02-11,286.3333333333333
2022-02-12,277.5416666666667
2022-02-13,263.25
2022-02-14,270.4583333333333
2022-02-15,281.2083333333333
2022-02-16,270.0416666666667
2022-02-17,315.7916666666667
2022-02-18,315.875
2022-02-19,389.7083333333333
2022-02-20,377.25
2022-02-21,305.75
2022-02-22,299.2916666666667
2022-02-23,286.7916666666667
2022-02-24,259.5
2022-02-25,245.70833333333334
2022-02-26,247.91666666666666
2022-02-27,249.125
2022-02-28,268.25
2022-03-01,301.125
2022-03-02,294.0833333333333
2022-03-03,283.4583333333333
2022-03-04,247.54166666666666
2022-03-05,235.7826086956522
2022-03-06,232.70833333333334
2022-03-07,219.5
2022-03-08,207.66666666666666
2022-03-09,208.04166666666666
2022-03-10,200.0
2022-03-11,188.54166666666666
2022-03-12,187.79166666666666
2022-03-13,210.29166666666666
2022-03-14,270.7916666666667
2022-03-15,241.875
2022-03-16,279.7916666666667
2022-03-17,377.2083333333333
2022-03-18,404.875
2022-03-19,355.1666666666667
2022-03-20,287.6666666666667
2022-03-21,304.7083333333333
2022-03-22,317.0833333333333
2022-03-23,328.5
2022-03-24,264.5416666666667
2022-03-25,231.66666666666666
2022-03-26,243.08333333333334
2022-03-27,262.1666666666667
2022-03-28,245.79166666666666
2022-03-29,257.75
2022-03-30,247.45833333333334
2022-03-31,229.25
2022-04-01,229.79166666666666
2022-04-02,219.66666666666666
2022-04-03,232.125
2022-04-04,246.125
2022-04-05,203.75
2022-04-06,184.95833333333334
2022-04-07,178.125
2022-04-08,177.66666666666666
2022-04-09,172.875
2022-04-10,189.125
2022-04-11,194.66666666666666
2022-04-12,206.25
2022-04-13,202.25
2022-04-14,194.54166666666666
2022-04-15,182.45833333333334
2022-04-16,173.08333333333334
2022-04-17,163.29166666666666
2022-04-18,157.0
2022-04-19,154.125
2022-04-20,145.29166666666666
2022-04-21,146.41666666666666
2022-04-22,142.16666666666666
2022-04-23,139.95833333333334
2022-04-24,138.5
2022-04-25,139.58333333333334
2022-04-26,136.29166666666666
2022-04-27,136.45833333333334
2022-04-28,129.2
2022-04-29,130.625
2022-04-30,130.375
2022-05-01,130.70833333333334
2022-05-02,126.25
2022-05-03,124.375
2022-05-04,122.25
2022-05-05,122.58333333333333
2022-05-06,126.95833333333333
2022-05-07,122.45833333333333
2022-05-08,122.75
2022-05-09,120.625
2022-05-10,123.66666666666667
2022-05-11,115.16666666666667
2022-05-12,120.45833333333333
2022-05-13,124.16666666666667
2022-05-14,122.875
2022-05-15,117.125
2022-05-16,126.04166666666667
2022-05-17,116.25
2022-05-18,120.29166666666667
2022-05-19,122.33333333333333
2022-05-20,112.29166666666667
2022-05-21,122.83333333333333
2022-05-22,111.375
2022-05-23,115.5
2022-05-24,119.0
2022-05-25,106.875
2022-05-26,117.79166666666667
2022-05-27,106.29166666666667
2022-05-28,114.75
2022-05-29,106.08333333333333
2022-05-30,113.04166666666667
2022-05-31,102.66666666666667
2022-06-01,104.41666666666667
2022-06-02,102.83333333333333
2022-06-03,109.04166666666667
2022-06-04,100.25
2022-06-05,101.08333333333333
2022-06-06,103.625
2022-06-07,102.75
2022-06-08,100.5
2022-06-09,124.79166666666667
2022-06-10,135.04166666666666
2022-06-11,126.375
2022-06-12,120.08333333333333
2022-06-13,124.125
2022-06-14,113.125
2022-06-15,112.625
2022-06-16,112.16666666666667
2022-06-17,105.125
2022-06-18,119.25
2022-06-19,137.25
2022-06-20,129.29166666666666
2022-06-21,116.54166666666667
2022-06-22,108.83333333333333
2022-06-23,109.0
2022-06-24,98.0
2022-06-25,101.25
2022-06-26,93.875
2022-06-27,97.0
2022-06-28,96.0
2022-06-29,94.25
2022-06-30,94.58333333333333
2022-07-01,94.45833333333333
2022-07-02,91.625
2022-07-03,90.70833333333333
2022-07-04,88.83333333333333
2022-07-05,85.79166666666667
2022-07-06,84.5
2022-07-07,87.75
2022-07-08,87.125
2022-07-09,84.25
2022-07-10,86.375
2022-07-11,80.58333333333333
2022-07-12,82.70833333333333
2022-07-13,80.91666666666667
2022-07-14,82.91666666666667
2022-07-15,82.875
2022-07-16,80.25
2022-07-17,78.875
2022-07-18,80.75
2022-07-19,77.83333333333333
2022-07-20,74.91666666666667
2022-07-21,76.625
2022-07-22,76.08333333333333
2022-07-23,76.375
2022-07-24,74.08333333333333
2022-07-25,75.33333333333333
2022-07-26,70.375
2022-07-27,72.625
2022-07-28,71.66666666666667
2022-07-29,71.45833333333333
2022-07-30,71.41666666666667
2022-07-31,69.625
2022-08-01,73.33333333333333
2022-08-02,70.95833333333333
2022-08-03,68.45833333333333
2022-08-04,68.83333333333333
2022-08-05,68.875
2022-08-06,63.5
2022-08-07,70.79166666666667
2022-08-08,62.208333333333336
2022-08-09,67.70833333333333
2022-08-10,75.79166666666667
2022-08-11,75.33333333333333
2022-08-12,79.125
2022-08-13,75.0
2022-08-14,71.16666666666667
2022-08-15,69.0
2022-08-16,67.04166666666667
2022-08-17,65.375
2022-08-18,64.70833333333333
2022-08-19,58.791666666666664
2022-08-20,57.041666666666664
2022-08-21,63.916666666666664
2022-08-22,64.04166666666667
2022-08-23,62.083333333333336
2022-08-24,60.291666666666664
2022-08-25,60.791666666666664
2022-08-26,58.458333333333336
2022-08-27,58.541666666666664
2022-08-28,57.875
2022-08-29,56.541666666666664
2022-08-30,56.708333333333336
2022-08-31,56.208333333333336
2022-09-01,56.083333333333336
2022-09-02,54.333333333333336
2022-09-03,54.541666666666664
2022-09-04,54.083333333333336
2022-09-05,53.583333333333336
2022-09-06,51.791666666666664
2022-09-07,49.958333333333336
2022-09-08,53.375
2022-09-09,52.666666666666664
2022-09-10,51.083333333333336
2022-09-11,50.583333333333336
2022-09-12,47.125
2022-09-13,47.333333333333336
2022-09-14,47.208333333333336
2022-09-15,49.333333333333336
2022-09-16,54.458333333333336
2022-09-17,55.625
2022-09-18,64.75
2022-09-19,61.041666666666664
2022-09-20,68.79166666666667
2022-09-21,64.0
2022-09-22,74.16666666666667
2022-09-23,58.541666666666664
2022-09-24,63.375
2022-09-25,59.666666666666664
2022-09-26,59.75
2022-09-27,63.0
2022-09-28,81.125
2022-09-29,96.625
2022-09-30,94.375
2022-10-01,91.45833333333333
2022-10-02,83.95833333333333
2022-10-03,85.45833333333333
2022-10-04,82.0
2022-10-05,82.83333333333333
2022-10-06,76.75
2022-10-07,89.75
2022-10-08,101.375
2022-10-09,115.95833333333333
2022-10-10,102.29166666666667
2022-10-11,118.04166666666667
2022-10-12,123.95833333333333
2022-10-13,109.95833333333333
2022-10-14,94.54166666666667
2022-10-15,80.29166666666667
2022-10-16,76.625
2022-10-17,67.08333333333333
2022-10-18,62.416666666666664
2022-10-19,62.291666666666664
2022-10-20,62.833333333333336
2022-10-21,81.41666666666667
2022-10-22,100.08333333333333
2022-10-23,104.375
2022-10-24,111.83333333333333
2022-10-25,107.45833333333333
2022-10-26,86.20833333333333
2022-10-27,77.29166666666667
2022-10-28,81.70833333333333
2022-10-29,80.625
2022-10-30,94.75
2022-10-31,91.875
2022-11-01,98.875
2022-11-02,98.58333333333333
2022-11-03,91.54166666666667
2022-11-04,88.04166666666667
2022-11-05,80.875
2022-11-06,78.33333333333333
2022-11-07,70.45833333333333
2022-11-08,69.125
2022-11-09,61.833333333333336
2022-11-10,65.45833333333333
2022-11-11,70.91666666666667
2022-11-12,76.75
2022-11-13,74.5
2022-11-14,69.75
2022-11-15,69.20833333333333
2022-11-16,62.291666666666664
2022-11-17,65.08333333333333
2022-11-18,57.25
2022-11-19,60.458333333333336
2022-11-20,65.91666666666667
2022-11-21,74.95833333333333
2022-11-22,68.5
2022-11-23,69.33333333333333
2022-11-24,84.83333333333333
2022-11-25,81.25
2022-11-26,78.83333333333333
2022-11-27,75.83333333333333
2022-11-28,67.41666666666667
2022-11-29,67.0
2022-11-30,67.66666666666667
2022-12-01,69.70833333333333
2022-12-02,66.16666666666667
2022-12-03,69.5
2022-12-04,76.08333333333333
2022-12-05,96.66666666666667
2022-12-06,95.70833333333333
2022-12-07,87.91666666666667
2022-12-08,78.20833333333333
2022-12-09,72.5
2022-12-10,80.08333333333333
2022-12-11,82.58333333333333
2022-12-12,78.66666666666667
2022-12-13,111.5
2022-12-14,155.58333333333334
2022-12-15,157.875
2022-12-16,158.41666666666666
2022-12-17,147.83333333333334
2022-12-18,154.66666666666666
2022-12-19,189.625
2022-12-20,149.54166666666666
2022-12-21,146.83333333333334
2022-12-22,142.58333333333334
2022-12-23,114.83333333333333
2022-12-24,105.29166666666667
2022-12-25,109.58333333333333
2022-12-26,126.20833333333333
2022-12-27,139.33333333333334
2022-12-28,161.625
2022-12-29,136.83333333333334
2022-12-30,145.875
2022-12-31,148.66666666666666
2023-01-01,133.29166666666666
2023-01-02,112.20833333333333
2023-01-03,119.0
2023-01-04,149.54166666666666
2023-01-05,234.54166666666666
2023-01-06,264.7916666666667
2023-01-07,271.6666666666667
2023-01-08,272.6666666666667
2023-01-09,350.1666666666667
2023-01-10,336.3333333333333
2023-01-11,331.25
2023-01-12,301.5
2023-01-13,248.375
2023-01-14,239.5
2023-01-15,201.04166666666666
2023-01-16,201.91666666666666
2023-01-17,190.0
2023-01-18,208.33333333333334
2023-01-19,209.33333333333334
2023-01-20,246.54166666666666
2023-01-21,193.95833333333334
2023-01-22,217.6086956521739
2023-01-23,219.83333333333334
2023-01-24,239.91666666666666
2023-01-25,246.29166666666666
2023-01-26,207.08333333333334
2023-01-27,211.5
2023-01-28,242.6086956521739
2023-01-29,193.04166666666666
2023-01-30,215.95833333333334
2023-01-31,197.125
2023-02-01,199.45833333333334
2023-02-02,203.91666666666666
2023-02-03,189.70833333333334
2023-02-04,242.70833333333334
2023-02-05,215.6086956521739
2023-02-06,192.66666666666666
2023-02-07,210.29166666666666
2023-02-08,210.66666666666666
2023-02-09,
2023-02-10,190.54545454545453
2023-02-11,192.95833333333334
2023-02-12,210.75
2023-02-13,201.69565217391303
2023-02-14,195.5
2023-02-15,204.04166666666666
2023-02-16,232.28
2023-02-17,218.85714285714286
2023-02-18,214.20833333333334
2023-02-19,212.16666666666666
2023-02-20,
2023-02-21,256.4
2023-02-22,252.41666666666666
2023-02-23,310.5416666666667
2023-02-24,298.2916666666667
2023-02-25,278.2916666666667
2023-02-26,270.0416666666667
2023-02-27,260.5416666666667
2023-02-28,256.75
2023-03-01,225.33333333333334
2023-03-02,205.83333333333334
2023-03-03,244.375
2023-03-04,259.7083333333333
2023-03-05,261.5
2023-03-06,238.54166666666666
2023-03-07,280.7083333333333
2023-03-08,343.7083333333333
2023-03-09,244.79166666666666
2023-03-10,224.375
2023-03-11,241.66666666666666
2023-03-12,272.875
2023-03-13,279.625
2023-03-14,255.91666666666666
2023-03-15,274.375
2023-03-16,333.0416666666667
2023-03-17,375.3333333333333
2023-03-18,382.5652173913044
2023-03-19,354.5416666666667
2023-03-20,326.125
2023-03-21,286.75
2023-03-22,258.1666666666667
2023-03-23,236.875
2023-03-24,211.125
2023-03-25,202.58333333333334
2023-03-26,214.0
2023-03-27,165.16666666666666
2023-03-28,187.58333333333334
2023-03-29,182.95833333333334
2023-03-30,172.08333333333334
2023-03-31,174.70833333333334
2023-04-01,173.79166666666666
2023-04-02,196.5
2023-04-03,193.625
2023-04-04,159.91666666666666
2023-04-05,188.70833333333334
2023-04-06,196.20833333333334
2023-04-07,187.70833333333334
2023-04-08,180.25
2023-04-09,191.58333333333334
2023-04-10,185.79166666666666
2023-04-11,189.83333333333334
2023-04-12,220.16666666666666
2023-04-13,262.25
2023-04-14,227.41666666666666
2023-04-15,232.83333333333334
2023-04-16,222.91666666666666
2023-04-17,194.33333333333334
2023-04-18,183.75
2023-04-19,170.66666666666666
2023-04-20,168.33333333333334
2023-04-21,182.75
2023-04-22,193.375
2023-04-23,214.70833333333334
2023-04-24,176.58333333333334
2023-04-25,183.5
2023-04-26,190.0
2023-04-27,174.54166666666666
2023-04-28,170.58333333333334
2023-04-29,164.95833333333334
2023-04-30,161.95833333333334
2023-05-01,154.91666666666666
2023-05-02,142.43478260869566
2023-05-03,144.54166666666666
2023-05-04,146.41666666666666
2023-05-05,126.41666666666667
2023-05-06,137.54166666666666
2023-05-07,139.5
2023-05-08,134.54166666666666
2023-05-09,129.41666666666666
2023-05-10,137.95833333333334
2023-05-11,125.83333333333333
2023-05-12,134.79166666666666
2023-05-13,122.25
2023-05-14,122.54166666666667
2023-05-15,131.56521739130434
2023-05-16,116.95833333333333
2023-05-17,117.41666666666667
2023-05-18,120.91666666666667
2023-05-19,123.5
2023-05-20,114.25
2023-05-21,112.79166666666667
2023-05-22,113.83333333333333
2023-05-23,115.5
2023-05-24,110.54166666666667
2023-05-25,110.16666666666667
2023-05-26,115.29166666666667
2023-05-27,107.83333333333333
2023-05-28,111.16666666666667
2023-05-29,111.75
2023-05-30,115.20833333333333
2023-05-31,134.79166666666666
2023-06-01,129.29166666666666
2023-06-02,135.625
2023-06-03,119.29166666666667
2023-06-04,116.58333333333333
2023-06-05,116.625
2023-06-06,118.125
2023-06-07,106.125
2023-06-08,106.375
2023-06-09,106.3913043478261
2023-06-10,105.625
2023-06-11,102.54166666666667
2023-06-12,103.08333333333333
2023-06-13,108.33333333333333
2023-06-14,92.57142857142857
2023-06-15,115.66666666666667
2023-06-16,126.95833333333333
2023-06-17,126.75
2023-06-18,121.58333333333333
2023-06-19,111.58333333333333
2023-06-20,118.20833333333333
2023-06-21,105.20833333333333
2023-06-22,84.28571428571429
2023-06-23,105.45833333333333
2023-06-24,101.54166666666667
2023-06-25,99.5
2023-06-26,98.95833333333333
2023-06-27,99.0
2023-06-28,96.33333333333333
2023-06-29,95.29166666666667
2023-06-30,92.1304347826087
2023-07-01,96.625
2023-07-02,92.875
2023-07-03,91.5
2023-07-04,88.27777777777777
2023-07-05,94.29166666666667
2023-07-06,91.375
2023-07-07,88.91666666666667
2023-07-08,90.75
2023-07-09,85.875
2023-07-10,88.875
2023-07-11,85.41666666666667
2023-07-12,87.33333333333333
2023-07-13,83.25
2023-07-14,83.29166666666667
2023-07-15,85.70833333333333
2023-07-16,87.29166666666667
2023-07-17,83.3913043478261
2023-07-18,86.5
2023-07-19,82.04166666666667
2023-07-20,81.83333333333333
2023-07-21,80.375
2023-07-22,82.125
2023-07-23,81.20833333333333
2023-07-24,77.95833333333333
2023-07-25,75.83333333333333
2023-07-26,77.375
2023-07-27,77.83333333333333
2023-07-28,75.16666666666667
2023-07-29,76.91666666666667
2023-07-30,72.83333333333333
2023-07-31,75.20833333333333
2023-08-01,73.25
2023-08-02,71.375
2023-08-03,69.29166666666667
2023-08-04,74.29166666666667
2023-08-05,72.75
2023-08-06,69.5
2023-08-07,71.0
2023-08-08,66.0909090909091
2023-08-09,66.66666666666667
2023-08-10,63.833333333333336
2023-08-11,65.625
2023-08-12,61.083333333333336
2023-08-13,66.91666666666667
2023-08-14,58.458333333333336
2023-08-15,70.5
2023-08-16,64.95833333333333
2023-08-17,65.375
2023-08-18,63.416666666666664
2023-08-19,63.08695652173913
2023-08-20,67.58333333333333
2023-08-21,74.25
2023-08-22,85.29166666666667
2023-08-23,85.20833333333333
2023-08-24,84.83333333333333
2023-08-25,75.58333333333333
2023-08-26,72.58333333333333
2023-08-27,75.54166666666667
2023-08-28,75.08333333333333
2023-08-29,75.29166666666667
2023-08-30,80.33333333333333
2023-08-31,90.70833333333333
2023-09-01,84.66666666666667
2023-09-02,
2023-09-03,76.41666666666667
2023-09-04,78.75
2023-09-05,76.375
2023-09-06,72.375
2023-09-07,83.29166666666667
2023-09-08,70.75
2023-09-09,68.625
2023-09-10,66.625
2023-09-11,60.291666666666664
2023-09-12,58.458333333333336
2023-09-13,59.416666666666664
2023-09-14,57.125
2023-09-15,67.34782608695652
2023-09-16,60.083333333333336
2023-09-17,47.958333333333336
2023-09-18,56.0
2023-09-19,60.833333333333336
2023-09-20,60.166666666666664
2023-09-21,63.708333333333336
2023-09-22,58.416666666666664
2023-09-23,55.0
2023-09-24,58.625
2023-09-25,54.25
2023-09-26,54.458333333333336
2023-09-27,51.708333333333336
2023-09-28,65.20833333333333
2023-09-29,83.33333333333333
2023-09-30,76.54166666666667
2023-10-01,79.16666666666667
2023-10-02,92.33333333333333
2023-10-03,77.75
2023-10-04,80.11111111111111
2023-10-05,
2023-10-06,
2023-10-07,91.6923076923077
2023-10-08,78.875
2023-10-09,74.58333333333333
2023-10-10,76.375
2023-10-11,74.66666666666667
2023-10-12,72.04166666666667
2023-10-13,77.04166666666667
2023-10-14,91.875
2023-10-15,84.45833333333333
2023-10-16,83.04166666666667
2023-10-17,87.83333333333333
2023-10-18,75.875
2023-10-19,66.375
2023-10-20,57.333333333333336
2023-10-21,61.958333333333336
2023-10-22,56.583333333333336
2023-10-23,50.125
2023-10-24,66.1304347826087
2023-10-25,64.16666666666667
2023-10-26,68.04166666666667
2023-10-27,70.5
2023-10-28,72.08333333333333
2023-10-29,75.625
2023-10-30,60.75
2023-10-31,76.54166666666667
2023-11-01,81.04166666666667
2023-11-02,78.125
2023-11-03,81.70833333333333
2023-11-04,140.33333333333334
2023-11-05,118.75
2023-11-06,84.45833333333333
2023-11-07,76.79166666666667
2023-11-08,77.875
2023-11-09,79.04166666666667
2023-11-10,52.166666666666664
2023-11-11,66.375
2023-11-12,85.25
2023-11-13,63.958333333333336
2023-11-14,52.375
2023-11-15,41.25
2023-11-16,54.25
2023-11-17,54.75
2023-11-18,56.625
2023-11-19,52.291666666666664
2023-11-20,64.375
2023-11-21,69.81818181818181
2023-11-22,88.4
2023-11-23,89.91666666666667
2023-11-24,86.95238095238095
2023-11-25,101.5
2023-11-26,113.8695652173913
2023-11-27,196.0
2023-11-28,183.92857142857142
2023-11-29,173.79166666666666
2023-11-30,139.69230769230768
2023-12-01,129.125
2023-12-02,95.20833333333333
2023-12-03,81.16666666666667
2023-12-04,98.75
2023-12-05,152.0
2023-12-06,158.79166666666666
2023-12-07,158.29166666666666
2023-12-08,130.91666666666666
2023-12-09,109.41666666666667
2023-12-10,93.83333333333333
2023-12-11,84.33333333333333
2023-12-12,80.33333333333333
2023-12-13,87.5
2023-12-14,74.25
2023-12-15,74.25
2023-12-16,66.08333333333333
2023-12-17,69.875
2023-12-18,62.416666666666664
2023-12-19,60.583333333333336
2023-12-20,67.375
2023-12-21,81.45833333333333
2023-12-22,88.0
2023-12-23,91.83333333333333
2023-12-24,99.91666666666667
2023-12-25,86.29166666666667
2023-12-26,88.16666666666667
2023-12-27,76.875
2023-12-28,74.0
2023-12-29,86.5
2023-12-30,118.375
2023-12-31,129.0
2024-01-01,103.0
2024-01-02,118.95833333333333
2024-01-03,134.20833333333334
2024-01-04,144.29166666666666
2024-01-05,151.875
2024-01-06,153.04166666666666
2024-01-07,127.375
2024-01-08,102.41666666666667
2024-01-09,93.125
2024-01-10,93.20833333333333
2024-01-11,90.45833333333333
2024-01-12,83.08333333333333
2024-01-13,80.58333333333333
2024-01-14,80.20833333333333
2024-01-15,90.375
2024-01-16,145.25
2024-01-17,158.95833333333334
2024-01-18,120.45833333333333
2024-01-19,94.125
2024-01-20,92.70833333333333
2024-01-21,95.83333333333333
2024-01-22,157.0
2024-01-23,189.375
2024-01-24,211.25
2024-01-25,169.0
2024-01-26,137.95833333333334
2024-01-27,112.54166666666667
2024-01-28,108.91666666666667
2024-01-29,93.66666666666667
2024-01-30,84.875
2024-01-31,94.625
2024-02-01,84.20833333333333
2024-02-02,96.41666666666667
2024-02-03,138.08333333333334
2024-02-04,155.16666666666666
2024-02-05,144.54166666666666
2024-02-06,158.66666666666666
2024-02-07,139.16666666666666
2024-02-08,142.54166666666666
2024-02-09,155.375
2024-02-10,141.41666666666666
2024-02-11,121.33333333333333
2024-02-12,149.625
2024-02-13,139.54166666666666
2024-02-14,138.375
2024-02-15,130.45833333333334
2024-02-16,146.125
2024-02-17,153.41666666666666
2024-02-18,185.20833333333334
2024-02-19,204.79166666666666
2024-02-20,290.5
2024-02-21,251.79166666666666
2024-02-22,218.125
2024-02-23,172.125
2024-02-24,159.0
2024-02-25,144.29166666666666
2024-02-26,133.45833333333334
2024-02-27,127.95833333333333
2024-02-28,131.08333333333334
2024-02-29,131.25
2024-03-01,119.33333333333333
2024-03-02,105.95833333333333
2024-03-03,105.58333333333333
2024-03-04,119.54166666666667
2024-03-05,127.0
2024-03-06,127.0
2024-03-07,128.25
2024-03-08,130.08333333333334
2024-03-09,144.375
2024-03-10,178.29166666666666
2024-03-11,156.125
2024-03-12,135.45833333333334
2024-03-13,164.45833333333334
2024-03-14,178.625
2024-03-15,151.75
2024-03-16,183.75
2024-03-17,191.33333333333334
2024-03-18,182.125
2024-03-19,165.0
2024-03-20,165.58333333333334
2024-03-21,182.70833333333334
2024-03-22,247.61904761904762
2024-03-23,
2024-03-24,378.1818181818182
2024-03-25,414.875
2024-03-26,400.2083333333333
2024-03-27,532.6086956521739
2024-03-28,579.2916666666666
2024-03-29,621.7083333333334
2024-03-30,518.7916666666666
2024-03-31,425.8333333333333
2024-04-01,376.7083333333333
2024-04-02,381.0833333333333
2024-04-03,372.125
2024-04-04,350.0
2024-04-05,316.0
2024-04-06,294.875
2024-04-07,337.0869565217391
2024-04-08,375.3333333333333
2024-04-09,414.0
2024-04-10,553.4583333333334
2024-04-11,937.4166666666666
2024-04-12,828.125
2024-04-13,636.9166666666666
2024-04-14,631.695652173913
2024-04-15,666.2083333333334
2024-04-16,643.0
2024-04-17,541.375
2024-04-18,484.125
2024-04-19,422.6666666666667
2024-04-20,378.125
2024-04-21,373.3333333333333
2024-04-22,308.04347826086956
2024-04-23,263.4166666666667
2024-04-24,251.70833333333334
2024-04-25,235.70833333333334
2024-04-26,231.16666666666666
2024-04-27,219.91666666666666
2024-04-28,219.125
2024-04-29,214.75
2024-04-30,208.2608695652174
2024-05-01,203.25
2024-05-02,194.54166666666666
2024-05-03,195.54166666666666
2024-05-04,190.20833333333334
2024-05-05,185.0
2024-05-06,184.54166666666666
2024-05-07,178.875
2024-05-08,172.34782608695653
2024-05-09,176.625
2024-05-10,170.875
2024-05-11,167.75
2024-05-12,169.54166666666666
2024-05-13,161.66666666666666
2024-05-14,162.25
2024-05-15,170.95238095238096
2024-05-16,164.08695652173913
2024-05-17,157.29166666666666
2024-05-18,154.0
2024-05-19,160.08333333333334
2024-05-20,149.91666666666666
2024-05-21,152.5
2024-05-22,151.54166666666666
2024-05-23,149.29166666666666
2024-05-24,138.95833333333334
2024-05-25,148.6086956521739
2024-05-26,142.66666666666666
2024-05-27,151.66666666666666
2024-05-28,149.29166666666666
2024-05-29,151.45833333333334
2024-05-30,163.70833333333334
2024-05-31,148.66666666666666
2024-06-01,138.875
2024-06-02,140.7826086956522
2024-06-03,133.45833333333334
2024-06-04,140.625
2024-06-05,130.83333333333334
2024-06-06,136.20833333333334
2024-06-07,125.95833333333333
2024-06-08,134.0
2024-06-09,125.25
2024-06-10,126.70833333333333
2024-06-11,122.66666666666667
2024-06-12,118.95833333333333
2024-06-13,128.91666666666666
2024-06-14,124.375
2024-06-15,118.33333333333333
2024-06-16,111.625
2024-06-17,115.875
2024-06-18,118.65217391304348
2024-06-19,116.95833333333333
2024-06-20,112.58333333333333
2024-06-21,115.33333333333333
2024-06-22,111.33333333333333
2024-06-23,112.5
2024-06-24,114.66666666666667
2024-06-25,109.91666666666667
2024-06-26,112.33333333333333
2024-06-27,112.33333333333333
2024-06-28,117.45833333333333
2024-06-29,110.75
2024-06-30,106.75
2024-07-01,107.95833333333333
2024-07-02,107.54166666666667
2024-07-03,111.875
2024-07-04,111.08333333333333
2024-07-05,107.625
2024-07-06,107.5
2024-07-07,102.41666666666667
2024-07-08,103.625
2024-07-09,102.375
2024-07-10,109.33333333333333
2024-07-11,105.08333333333333
2024-07-12,103.79166666666667
2024-07-13,103.54166666666667
2024-07-14,103.54166666666667
2024-07-15,99.0
2024-07-16,100.375
2024-07-17,97.20833333333333
2024-07-18,100.25
2024-07-19,91.25
2024-07-20,99.625
2024-07-21,94.58333333333333
2024-07-22,94.375
2024-07-23,90.54166666666667
2024-07-24,93.875
2024-07-25,92.20833333333333
2024-07-26,91.0
2024-07-27,90.91666666666667
2024-07-28,90.58333333333333
2024-07-29,86.16666666666667
2024-07-30,88.125
2024-07-31,87.83333333333333
2024-08-01,86.75
2024-08-02,81.33333333333333
2024-08-03,86.45833333333333
2024-08-04,83.04166666666667
2024-08-05,80.5
2024-08-06,81.70833333333333
2024-08-07,83.66666666666667
2024-08-08,80.45833333333333
2024-08-09,77.45833333333333
2024-08-10,82.04166666666667
2024-08-11,76.45833333333333
2024-08-12,81.16666666666667
2024-08-13,78.45833333333333
2024-08-14,85.625
2024-08-15,83.04166666666667
2024-08-16,82.04166666666667
2024-08-17,82.70833333333333
2024-08-18,79.33333333333333
2024-08-19,75.66666666666667
2024-08-20,76.04166666666667
2024-08-21,76.375
2024-08-22,73.66666666666667
