date,flow_rate
1980-01-01,36.9
1980-01-02,39.4
1980-01-03,41.6
1980-01-04,43.8
1980-01-05,42.9
1980-01-06,52.4
1980-01-07,51.1
1980-01-08,51.1
1980-01-09,50.1
1980-01-10,47.4
1980-01-11,43.8
1980-01-12,40.3
1980-01-13,39.4
1980-01-14,
1980-01-15,
1980-01-16,
1980-01-17,
1980-01-18,
1980-01-19,
1980-01-20,
1980-01-21,
1980-01-22,
1980-01-23,
1980-01-24,
1980-01-25,
1980-01-26,
1980-01-27,
1980-01-28,
1980-01-29,
1980-01-30,
1980-01-31,
1979-12-01,55.8
1979-12-02,41.6
1979-12-03,35.2
1979-12-04,32.3
1979-12-05,26.9
1979-12-06,24.3
1979-12-07,24.3
1979-12-08,32.3
1979-12-09,37.7
1979-12-10,45.6
1979-12-11,59.2
1979-12-12,57.7
1979-12-13,48.8
1979-12-14,44.7
1979-12-15,34.8
1979-12-16,30.0
1979-12-17,27.3
1979-12-18,23.5
1979-12-19,22.8
1979-12-20,28.4
1979-12-21,31.9
1979-12-22,37.3
1979-12-23,47.8
1979-12-24,54.8
1979-12-25,54.8
1979-12-26,53.4
1979-12-27,51.1
1979-12-28,48.3
1979-12-29,41.6
1979-12-30,38.6
1979-12-31,35.6
1979-11-01,24.3
1979-11-02,22.8
1979-11-03,21.7
1979-11-04,20.3
1979-11-05,22.8
1979-11-06,32.3
1979-11-07,32.7
1979-11-08,27.3
1979-11-09,25.4
1979-11-10,23.1
1979-11-11,23.5
1979-11-12,26.2
1979-11-13,26.9
1979-11-14,28.4
1979-11-15,26.9
1979-11-16,26.2
1979-11-17,24.3
1979-11-18,23.5
1979-11-19,24.6
1979-11-20,25.4
1979-11-21,39.4
1979-11-22,39.4
1979-11-23,36.9
1979-11-24,29.2
1979-11-25,23.5
1979-11-26,26.2
1979-11-27,41.2
1979-11-28,70.3
1979-11-29,85.6
1979-11-30,72.9
1979-10-01,16.7
1979-10-02,16.4
1979-10-03,16.4
1979-10-04,16.4
1979-10-05,16.1
1979-10-06,16.1
1979-10-07,16.1
1979-10-08,15.7
1979-10-09,15.7
1979-10-10,17.0
1979-10-11,19.7
1979-10-12,20.0
1979-10-13,19.3
1979-10-14,17.0
1979-10-15,17.0
1979-10-16,46.9
1979-10-17,43.8
1979-10-18,51.1
1979-10-19,66.7
1979-10-20,60.6
1979-10-21,57.2
1979-10-22,58.7
1979-10-23,52.4
1979-10-24,38.1
1979-10-25,31.1
1979-10-26,27.3
1979-10-27,23.1
1979-10-28,20.7
1979-10-29,21.7
1979-10-30,23.5
1979-10-31,29.2
1979-09-01,20.0
1979-09-02,20.7
1979-09-03,20.0
1979-09-04,18.7
1979-09-05,18.3
1979-09-06,18.3
1979-09-07,18.3
1979-09-08,18.7
1979-09-09,18.7
1979-09-10,18.7
1979-09-11,18.0
1979-09-12,18.0
1979-09-13,17.7
1979-09-14,17.7
1979-09-15,17.7
1979-09-16,17.4
1979-09-17,17.4
1979-09-18,17.4
1979-09-19,17.4
1979-09-20,18.0
1979-09-21,26.2
1979-09-22,26.5
1979-09-23,27.3
1979-09-24,27.3
1979-09-25,23.9
1979-09-26,20.7
1979-09-27,19.3
1979-09-28,18.7
1979-09-29,17.7
1979-09-30,16.7
1979-08-01,23.9
1979-08-02,24.3
1979-08-03,23.9
1979-08-04,23.5
1979-08-05,22.8
1979-08-06,22.4
1979-08-07,22.4
1979-08-08,22.1
1979-08-09,21.4
1979-08-10,21.4
1979-08-11,22.8
1979-08-12,23.9
1979-08-13,23.5
1979-08-14,22.8
1979-08-15,22.1
1979-08-16,21.7
1979-08-17,21.4
1979-08-18,21.0
1979-08-19,20.7
1979-08-20,20.0
1979-08-21,20.3
1979-08-22,21.0
1979-08-23,21.7
1979-08-24,21.4
1979-08-25,20.7
1979-08-26,20.3
1979-08-27,20.0
1979-08-28,19.7
1979-08-29,19.3
1979-08-30,19.3
1979-08-31,20.0
1979-07-01,30.7
1979-07-02,28.8
1979-07-03,28.1
1979-07-04,27.7
1979-07-05,27.3
1979-07-06,26.9
1979-07-07,28.8
1979-07-08,31.1
1979-07-09,30.3
1979-07-10,28.1
1979-07-11,26.5
1979-07-12,26.9
1979-07-13,27.3
1979-07-14,26.9
1979-07-15,25.8
1979-07-16,25.4
1979-07-17,24.3
1979-07-18,24.6
1979-07-19,26.2
1979-07-20,25.4
1979-07-21,24.6
1979-07-22,23.9
1979-07-23,23.5
1979-07-24,22.8
1979-07-25,22.8
1979-07-26,22.8
1979-07-27,22.4
1979-07-28,22.1
1979-07-29,22.4
1979-07-30,22.8
1979-07-31,23.5
1979-06-01,31.9
1979-06-02,31.5
1979-06-03,30.7
1979-06-04,30.3
1979-06-05,30.7
1979-06-06,31.1
1979-06-07,30.7
1979-06-08,31.1
1979-06-09,30.7
1979-06-10,30.0
1979-06-11,30.0
1979-06-12,29.6
1979-06-13,29.2
1979-06-14,28.8
1979-06-15,28.8
1979-06-16,29.2
1979-06-17,28.8
1979-06-18,28.4
1979-06-19,28.1
1979-06-20,28.1
1979-06-21,28.1
1979-06-22,28.1
1979-06-23,28.8
1979-06-24,29.6
1979-06-25,29.6
1979-06-26,30.0
1979-06-27,30.3
1979-06-28,31.1
1979-06-29,34.4
1979-06-30,33.1
1979-05-01,39.8
1979-05-02,45.1
1979-05-03,48.3
1979-05-04,44.2
1979-05-05,41.6
1979-05-06,39.4
1979-05-07,38.1
1979-05-08,38.6
1979-05-09,38.6
1979-05-10,36.9
1979-05-11,35.6
1979-05-12,35.2
1979-05-13,35.2
1979-05-14,35.2
1979-05-15,35.2
1979-05-16,34.8
1979-05-17,34.4
1979-05-18,34.4
1979-05-19,35.2
1979-05-20,34.4
1979-05-21,34.8
1979-05-22,34.0
1979-05-23,34.4
1979-05-24,33.1
1979-05-25,32.3
1979-05-26,32.3
1979-05-27,31.9
1979-05-28,31.9
1979-05-29,32.3
1979-05-30,31.9
1979-05-31,31.9
1979-04-01,66.2
1979-04-02,65.7
1979-04-03,66.2
1979-04-04,65.1
1979-04-05,64.1
1979-04-06,57.7
1979-04-07,53.4
1979-04-08,55.3
1979-04-09,59.2
1979-04-10,62.6
1979-04-11,62.6
1979-04-12,58.7
1979-04-13,53.9
1979-04-14,59.7
1979-04-15,64.1
1979-04-16,70.3
1979-04-17,67.7
1979-04-18,53.9
1979-04-19,52.4
1979-04-20,48.8
1979-04-21,42.9
1979-04-22,40.7
1979-04-23,45.6
1979-04-24,45.1
1979-04-25,43.8
1979-04-26,43.8
1979-04-27,41.6
1979-04-28,41.6
1979-04-29,41.2
1979-04-30,40.7
1979-03-01,77.7
1979-03-02,74.5
1979-03-03,71.3
1979-03-04,68.7
1979-03-05,79.7
1979-03-06,86.7
1979-03-07,88.5
1979-03-08,71.3
1979-03-09,72.9
1979-03-10,75.0
1979-03-11,81.7
1979-03-12,74.0
1979-03-13,67.7
1979-03-14,62.6
1979-03-15,60.1
1979-03-16,60.1
1979-03-17,78.2
1979-03-18,87.3
1979-03-19,106.0
1979-03-20,115.0
1979-03-21,112.0
1979-03-22,106.0
1979-03-23,91.9
1979-03-24,80.7
1979-03-25,69.3
1979-03-26,65.1
1979-03-27,62.6
1979-03-28,61.6
1979-03-29,60.1
1979-03-30,60.1
1979-03-31,66.7
1979-02-01,110.0
1979-02-02,173.0
1979-02-03,218.0
1979-02-04,250.0
1979-02-05,225.0
1979-02-06,211.0
1979-02-07,206.0
1979-02-08,191.0
1979-02-09,185.0
1979-02-10,178.0
1979-02-11,153.0
1979-02-12,133.0
1979-02-13,116.0
1979-02-14,106.0
1979-02-15,110.0
1979-02-16,122.0
1979-02-17,157.0
1979-02-18,157.0
1979-02-19,144.0
1979-02-20,138.0
1979-02-21,128.0
1979-02-22,116.0
1979-02-23,102.0
1979-02-24,92.5
1979-02-25,87.3
1979-02-26,85.0
1979-02-27,83.2
1979-02-28,79.2
1979-01-01,22.8
1979-01-02,22.4
1979-01-03,20.7
1979-01-04,20.7
1979-01-05,20.3
1979-01-06,21.4
1979-01-07,25.8
1979-01-08,42.0
1979-01-09,59.2
1979-01-10,68.7
1979-01-11,71.3
1979-01-12,73.4
1979-01-13,83.2
1979-01-14,83.8
1979-01-15,84.4
1979-01-16,90.2
1979-01-17,113.0
1979-01-18,127.0
1979-01-19,135.0
1979-01-20,135.0
1979-01-21,119.0
1979-01-22,108.0
1979-01-23,104.0
1979-01-24,100.0
1979-01-25,98.9
1979-01-26,105.0
1979-01-27,104.0
1979-01-28,105.0
1979-01-29,103.0
1979-01-30,100.0
1979-01-31,94.7
1978-12-01,39.0
1978-12-02,40.7
1978-12-03,39.8
1978-12-04,40.7
1978-12-05,32.7
1978-12-06,27.7
1978-12-07,27.3
1978-12-08,27.3
1978-12-09,26.2
1978-12-10,27.3
1978-12-11,26.9
1978-12-12,28.1
1978-12-13,29.6
1978-12-14,31.5
1978-12-15,28.4
1978-12-16,27.7
1978-12-17,29.6
1978-12-18,39.0
1978-12-19,49.2
1978-12-20,65.1
1978-12-21,66.2
1978-12-22,64.1
1978-12-23,56.7
1978-12-24,37.3
1978-12-25,34.0
1978-12-26,27.7
1978-12-27,25.8
1978-12-28,24.3
1978-12-29,23.5
1978-12-30,22.8
1978-12-31,22.8
1978-11-01,25.8
1978-11-02,23.9
1978-11-03,23.9
1978-11-04,23.1
1978-11-05,22.8
1978-11-06,21.4
1978-11-07,20.7
1978-11-08,21.7
1978-11-09,21.7
1978-11-10,21.7
1978-11-11,21.7
1978-11-12,23.5
1978-11-13,27.3
1978-11-14,31.9
1978-11-15,32.7
1978-11-16,37.3
1978-11-17,31.9
1978-11-18,28.4
1978-11-19,23.9
1978-11-20,23.5
1978-11-21,21.7
1978-11-22,21.4
1978-11-23,20.7
1978-11-24,20.7
1978-11-25,20.7
1978-11-26,22.1
1978-11-27,22.8
1978-11-28,23.1
1978-11-29,21.7
1978-11-30,24.6
1978-10-01,23.1
1978-10-02,22.1
1978-10-03,21.4
1978-10-04,20.7
1978-10-05,20.0
1978-10-06,20.0
1978-10-07,19.7
1978-10-08,18.7
1978-10-09,18.7
1978-10-10,18.3
1978-10-11,18.7
1978-10-12,20.0
1978-10-13,26.5
1978-10-14,27.7
1978-10-15,24.3
1978-10-16,41.6
1978-10-17,69.3
1978-10-18,103.0
1978-10-19,79.2
1978-10-20,78.2
1978-10-21,78.2
1978-10-22,71.3
1978-10-23,65.7
1978-10-24,59.7
1978-10-25,50.1
1978-10-26,38.6
1978-10-27,32.7
1978-10-28,29.2
1978-10-29,27.7
1978-10-30,26.5
1978-10-31,25.4
1978-09-01,22.8
1978-09-02,22.8
1978-09-03,22.8
1978-09-04,22.8
1978-09-05,23.5
1978-09-06,24.3
1978-09-07,23.1
1978-09-08,21.7
1978-09-09,22.8
1978-09-10,22.4
1978-09-11,21.4
1978-09-12,22.8
1978-09-13,20.3
1978-09-14,20.7
1978-09-15,22.4
1978-09-16,30.3
1978-09-17,25.8
1978-09-18,24.6
1978-09-19,22.4
1978-09-20,23.5
1978-09-21,22.1
1978-09-22,23.5
1978-09-23,25.4
1978-09-24,26.2
1978-09-25,26.9
1978-09-26,27.3
1978-09-27,24.6
1978-09-28,23.5
1978-09-29,24.3
1978-09-30,23.1
1978-08-01,40.7
1978-08-02,36.5
1978-08-03,34.4
1978-08-04,33.6
1978-08-05,42.5
1978-08-06,41.6
1978-08-07,37.3
1978-08-08,34.0
1978-08-09,39.4
1978-08-10,36.0
1978-08-11,34.4
1978-08-12,31.9
1978-08-13,30.3
1978-08-14,28.8
1978-08-15,28.4
1978-08-16,28.1
1978-08-17,27.7
1978-08-18,26.5
1978-08-19,26.5
1978-08-20,26.5
1978-08-21,25.4
1978-08-22,25.0
1978-08-23,25.8
1978-08-24,26.5
1978-08-25,25.4
1978-08-26,24.6
1978-08-27,24.3
1978-08-28,23.5
1978-08-29,23.9
1978-08-30,23.5
1978-08-31,23.1
1978-07-01,34.0
1978-07-02,34.4
1978-07-03,34.0
1978-07-04,36.0
1978-07-05,42.9
1978-07-06,43.8
1978-07-07,37.3
1978-07-08,34.8
1978-07-09,37.7
1978-07-10,47.8
1978-07-11,47.8
1978-07-12,41.2
1978-07-13,37.7
1978-07-14,35.2
1978-07-15,30.7
1978-07-16,30.7
1978-07-17,29.6
1978-07-18,28.1
1978-07-19,31.9
1978-07-20,36.0
1978-07-21,36.9
1978-07-22,37.3
1978-07-23,35.6
1978-07-24,34.8
1978-07-25,31.1
1978-07-26,33.6
1978-07-27,31.1
1978-07-28,35.6
1978-07-29,38.6
1978-07-30,43.8
1978-07-31,44.7
1978-06-01,70.3
1978-06-02,52.4
1978-06-03,43.8
1978-06-04,35.6
1978-06-05,34.4
1978-06-06,33.6
1978-06-07,33.6
1978-06-08,35.6
1978-06-09,34.8
1978-06-10,31.9
1978-06-11,31.1
1978-06-12,30.7
1978-06-13,31.1
1978-06-14,31.1
1978-06-15,30.0
1978-06-16,28.8
1978-06-17,28.4
1978-06-18,28.4
1978-06-19,27.7
1978-06-20,25.4
1978-06-21,27.3
1978-06-22,26.2
1978-06-23,25.4
1978-06-24,24.6
1978-06-25,26.9
1978-06-26,36.5
1978-06-27,35.6
1978-06-28,31.5
1978-06-29,29.2
1978-06-30,28.1
1978-05-01,39.8
1978-05-02,39.4
1978-05-03,39.0
1978-05-04,35.6
1978-05-05,35.6
1978-05-06,35.6
1978-05-07,34.8
1978-05-08,33.6
1978-05-09,34.8
1978-05-10,36.5
1978-05-11,35.6
1978-05-12,34.8
1978-05-13,31.9
1978-05-14,34.4
1978-05-15,33.6
1978-05-16,34.0
1978-05-17,33.6
1978-05-18,31.5
1978-05-19,31.1
1978-05-20,30.7
1978-05-21,30.3
1978-05-22,29.2
1978-05-23,31.1
1978-05-24,34.0
1978-05-25,36.5
1978-05-26,33.6
1978-05-27,43.8
1978-05-28,55.3
1978-05-29,59.2
1978-05-30,68.2
1978-05-31,70.3
1978-04-01,103.0
1978-04-02,104.0
1978-04-03,108.0
1978-04-04,87.9
1978-04-05,75.0
1978-04-06,62.6
1978-04-07,52.0
1978-04-08,49.7
1978-04-09,48.3
1978-04-10,45.1
1978-04-11,44.2
1978-04-12,43.4
1978-04-13,42.9
1978-04-14,43.8
1978-04-15,42.9
1978-04-16,42.9
1978-04-17,41.2
1978-04-18,39.0
1978-04-19,39.4
1978-04-20,39.4
1978-04-21,38.1
1978-04-22,44.2
1978-04-23,49.2
1978-04-24,57.7
1978-04-25,62.1
1978-04-26,60.6
1978-04-27,50.6
1978-04-28,46.5
1978-04-29,44.7
1978-04-30,43.8
1978-03-01,126.0
1978-03-02,126.0
1978-03-03,99.5
1978-03-04,86.7
1978-03-05,83.8
1978-03-06,77.1
1978-03-07,101.0
1978-03-08,105.0
1978-03-09,96.3
1978-03-10,87.3
1978-03-11,77.1
1978-03-12,73.4
1978-03-13,78.7
1978-03-14,77.1
1978-03-15,74.5
1978-03-16,72.9
1978-03-17,67.2
1978-03-18,67.7
1978-03-19,69.8
1978-03-20,71.3
1978-03-21,67.2
1978-03-22,59.2
1978-03-23,57.7
1978-03-24,48.3
1978-03-25,47.8
1978-03-26,48.8
1978-03-27,47.8
1978-03-28,44.7
1978-03-29,44.2
1978-03-30,42.9
1978-03-31,48.8
1978-02-01,26.2
1978-02-02,25.8
1978-02-03,23.9
1978-02-04,23.5
1978-02-05,23.5
1978-02-06,23.5
1978-02-07,26.9
1978-02-08,57.7
1978-02-09,104.0
1978-02-10,120.0
1978-02-11,146.0
1978-02-12,191.0
1978-02-13,195.0
1978-02-14,154.0
1978-02-15,133.0
1978-02-16,119.0
1978-02-17,105.0
1978-02-18,80.7
1978-02-19,76.6
1978-02-20,76.1
1978-02-21,75.0
1978-02-22,74.0
1978-02-23,72.9
1978-02-24,69.3
1978-02-25,70.3
1978-02-26,70.8
1978-02-27,88.5
1978-02-28,106.0
1978-01-01,50.6
1978-01-02,41.2
1978-01-03,43.8
1978-01-04,56.3
1978-01-05,64.1
1978-01-06,66.7
1978-01-07,72.9
1978-01-08,80.2
1978-01-09,81.7
1978-01-10,70.8
1978-01-11,62.6
1978-01-12,67.7
1978-01-13,79.2
1978-01-14,86.7
1978-01-15,73.4
1978-01-16,64.6
1978-01-17,63.1
1978-01-18,60.1
1978-01-19,53.4
1978-01-20,53.4
1978-01-21,47.4
1978-01-22,41.6
1978-01-23,39.8
1978-01-24,35.6
1978-01-25,34.4
1978-01-26,32.3
1978-01-27,31.5
1978-01-28,30.3
1978-01-29,29.6
1978-01-30,28.1
1978-01-31,27.3
1977-12-01,49.2
1977-12-02,37.7
1977-12-03,34.8
1977-12-04,28.4
1977-12-05,25.4
1977-12-06,23.5
1977-12-07,22.8
1977-12-08,21.4
1977-12-09,16.4
1977-12-10,16.1
1977-12-11,21.4
1977-12-12,22.8
1977-12-13,25.0
1977-12-14,27.7
1977-12-15,28.8
1977-12-16,37.7
1977-12-17,39.8
1977-12-18,40.7
1977-12-19,42.0
1977-12-20,42.5
1977-12-21,39.0
1977-12-22,33.6
1977-12-23,39.8
1977-12-24,35.2
1977-12-25,45.6
1977-12-26,89.7
1977-12-27,85.6
1977-12-28,78.2
1977-12-29,72.4
1977-12-30,60.1
1977-12-31,52.0
1977-11-01,11.5
1977-11-02,10.3
1977-11-03,11.8
1977-11-04,12.3
1977-11-05,10.3
1977-11-06,10.1
1977-11-07,10.3
1977-11-08,13.5
1977-11-09,16.7
1977-11-10,17.0
1977-11-11,16.7
1977-11-12,15.1
1977-11-13,13.5
1977-11-14,13.2
1977-11-15,12.1
1977-11-16,11.8
1977-11-17,12.3
1977-11-18,14.8
1977-11-19,31.1
1977-11-20,65.1
1977-11-21,75.5
1977-11-22,68.7
1977-11-23,55.3
1977-11-24,75.5
1977-11-25,100.0
1977-11-26,76.1
1977-11-27,52.9
1977-11-28,55.8
1977-11-29,66.7
1977-11-30,67.7
1977-10-01,20.0
1977-10-02,22.1
1977-10-03,17.7
1977-10-04,17.4
1977-10-05,21.7
1977-10-06,45.6
1977-10-07,80.7
1977-10-08,75.0
1977-10-09,72.9
1977-10-10,61.6
1977-10-11,51.1
1977-10-12,37.7
1977-10-13,30.0
1977-10-14,23.9
1977-10-15,20.3
1977-10-16,17.4
1977-10-17,17.4
1977-10-18,16.7
1977-10-19,15.7
1977-10-20,14.5
1977-10-21,15.4
1977-10-22,18.3
1977-10-23,20.0
1977-10-24,20.0
1977-10-25,19.3
1977-10-26,16.1
1977-10-27,14.8
1977-10-28,13.8
1977-10-29,13.8
1977-10-30,12.3
1977-10-31,12.1
1977-09-01,8.19
1977-09-02,7.92
1977-09-03,7.92
1977-09-04,7.92
1977-09-05,8.46
1977-09-06,12.1
1977-09-07,17.0
1977-09-08,18.3
1977-09-09,18.7
1977-09-10,17.4
1977-09-11,15.1
1977-09-12,12.9
1977-09-13,12.1
1977-09-14,11.2
1977-09-15,10.6
1977-09-16,10.1
1977-09-17,9.53
1977-09-18,9.26
1977-09-19,8.99
1977-09-20,8.72
1977-09-21,8.19
1977-09-22,7.92
1977-09-23,7.92
1977-09-24,7.92
1977-09-25,8.19
1977-09-26,9.8
1977-09-27,12.3
1977-09-28,11.5
1977-09-29,12.6
1977-09-30,16.4
1977-08-01,11.8
1977-08-02,11.2
1977-08-03,10.9
1977-08-04,10.6
1977-08-05,10.6
1977-08-06,10.6
1977-08-07,10.6
1977-08-08,10.3
1977-08-09,10.3
1977-08-10,10.1
1977-08-11,10.1
1977-08-12,9.8
1977-08-13,9.53
1977-08-14,9.53
1977-08-15,9.26
1977-08-16,8.99
1977-08-17,8.99
1977-08-18,8.72
1977-08-19,8.72
1977-08-20,8.46
1977-08-21,8.19
1977-08-22,10.1
1977-08-23,11.2
1977-08-24,11.2
1977-08-25,10.3
1977-08-26,9.26
1977-08-27,9.26
1977-08-28,8.99
1977-08-29,8.99
1977-08-30,8.72
1977-08-31,8.46
1977-07-01,16.7
1977-07-02,17.7
1977-07-03,18.3
1977-07-04,23.9
1977-07-05,24.3
1977-07-06,26.2
1977-07-07,26.5
1977-07-08,24.3
1977-07-09,24.3
1977-07-10,27.3
1977-07-11,23.1
1977-07-12,20.3
1977-07-13,19.7
1977-07-14,18.0
1977-07-15,16.7
1977-07-16,15.7
1977-07-17,14.8
1977-07-18,13.8
1977-07-19,13.5
1977-07-20,15.1
1977-07-21,14.1
1977-07-22,14.1
1977-07-23,14.5
1977-07-24,16.1
1977-07-25,15.1
1977-07-26,13.2
1977-07-27,12.9
1977-07-28,12.9
1977-07-29,12.6
1977-07-30,12.3
1977-07-31,12.1
1977-06-01,16.1
1977-06-02,14.8
1977-06-03,15.4
1977-06-04,16.1
1977-06-05,16.4
1977-06-06,16.7
1977-06-07,15.7
1977-06-08,14.8
1977-06-09,14.1
1977-06-10,14.1
1977-06-11,13.8
1977-06-12,12.9
1977-06-13,12.9
1977-06-14,13.5
1977-06-15,13.5
1977-06-16,12.9
1977-06-17,12.3
1977-06-18,12.3
1977-06-19,13.2
1977-06-20,13.8
1977-06-21,13.5
1977-06-22,13.2
1977-06-23,13.2
1977-06-24,13.5
1977-06-25,13.5
1977-06-26,13.5
1977-06-27,13.5
1977-06-28,12.9
1977-06-29,13.8
1977-06-30,15.4
1977-05-01,18.3
1977-05-02,17.4
1977-05-03,17.4
1977-05-04,17.4
1977-05-05,16.7
1977-05-06,16.1
1977-05-07,15.1
1977-05-08,14.5
1977-05-09,13.8
1977-05-10,13.8
1977-05-11,13.5
1977-05-12,13.5
1977-05-13,13.2
1977-05-14,13.2
1977-05-15,12.9
1977-05-16,12.9
1977-05-17,14.1
1977-05-18,15.4
1977-05-19,19.0
1977-05-20,16.4
1977-05-21,15.1
1977-05-22,14.5
1977-05-23,13.8
1977-05-24,13.5
1977-05-25,13.2
1977-05-26,13.2
1977-05-27,13.5
1977-05-28,14.1
1977-05-29,16.1
1977-05-30,16.7
1977-05-31,17.4
1977-04-01,11.5
1977-04-02,12.1
1977-04-03,13.5
1977-04-04,16.7
1977-04-05,16.1
1977-04-06,14.1
1977-04-07,12.9
1977-04-08,12.9
1977-04-09,12.6
1977-04-10,12.3
1977-04-11,12.1
1977-04-12,11.2
1977-04-13,11.2
1977-04-14,14.5
1977-04-15,14.8
1977-04-16,14.8
1977-04-17,14.5
1977-04-18,14.5
1977-04-19,14.1
1977-04-20,13.8
1977-04-21,13.8
1977-04-22,15.4
1977-04-23,15.4
1977-04-24,27.7
1977-04-25,40.3
1977-04-26,42.9
1977-04-27,34.8
1977-04-28,24.6
1977-04-29,22.4
1977-04-30,20.3
1977-03-01,39.0
1977-03-02,32.3
1977-03-03,27.7
1977-03-04,25.4
1977-03-05,23.5
1977-03-06,21.7
1977-03-07,20.3
1977-03-08,20.0
1977-03-09,19.7
1977-03-10,19.7
1977-03-11,18.3
1977-03-12,16.7
1977-03-13,16.4
1977-03-14,16.1
1977-03-15,15.1
1977-03-16,14.8
1977-03-17,13.8
1977-03-18,13.8
1977-03-19,13.5
1977-03-20,13.2
1977-03-21,12.9
1977-03-22,12.9
1977-03-23,12.6
1977-03-24,12.3
1977-03-25,12.3
1977-03-26,12.1
1977-03-27,11.8
1977-03-28,11.8
1977-03-29,11.5
1977-03-30,11.5
1977-03-31,11.5
1977-02-01,27.7
1977-02-02,28.4
1977-02-03,30.3
1977-02-04,27.7
1977-02-05,26.5
1977-02-06,23.9
1977-02-07,21.4
1977-02-08,19.3
1977-02-09,17.4
1977-02-10,17.4
1977-02-11,19.3
1977-02-12,18.3
1977-02-13,20.0
1977-02-14,23.5
1977-02-15,30.0
1977-02-16,29.2
1977-02-17,23.5
1977-02-18,26.2
1977-02-19,27.3
1977-02-20,30.7
1977-02-21,34.4
1977-02-22,33.1
1977-02-23,30.7
1977-02-24,32.3
1977-02-25,36.0
1977-02-26,43.8
1977-02-27,48.8
1977-02-28,46.9
1977-01-01,19.3
1977-01-02,19.0
1977-01-03,18.7
1977-01-04,17.7
1977-01-05,16.4
1977-01-06,15.4
1977-01-07,15.4
1977-01-08,15.1
1977-01-09,14.5
1977-01-10,13.5
1977-01-11,13.5
1977-01-12,16.4
1977-01-13,16.7
1977-01-14,16.1
1977-01-15,15.4
1977-01-16,14.8
1977-01-17,13.5
1977-01-18,12.9
1977-01-19,15.4
1977-01-20,16.4
1977-01-21,18.7
1977-01-22,62.6
1977-01-23,78.2
1977-01-24,79.2
1977-01-25,78.2
1977-01-26,76.6
1977-01-27,78.2
1977-01-28,76.6
1977-01-29,52.9
1977-01-30,45.1
1977-01-31,36.0
1976-12-01,22.8
1976-12-02,33.1
1976-12-03,39.8
1976-12-04,56.7
1976-12-05,48.3
1976-12-06,46.5
1976-12-07,53.9
1976-12-08,39.8
1976-12-09,31.9
1976-12-10,33.6
1976-12-11,56.7
1976-12-12,48.8
1976-12-13,48.3
1976-12-14,41.2
1976-12-15,32.3
1976-12-16,28.1
1976-12-17,24.6
1976-12-18,24.6
1976-12-19,23.9
1976-12-20,25.0
1976-12-21,26.2
1976-12-22,45.6
1976-12-23,52.0
1976-12-24,39.0
1976-12-25,28.4
1976-12-26,25.8
1976-12-27,24.3
1976-12-28,21.7
1976-12-29,21.0
1976-12-30,20.0
1976-12-31,19.7
1976-11-01,14.1
1976-11-02,14.1
1976-11-03,17.4
1976-11-04,19.0
1976-11-05,16.7
1976-11-06,16.1
1976-11-07,14.1
1976-11-08,13.5
1976-11-09,16.4
1976-11-10,21.4
1976-11-11,23.5
1976-11-12,24.3
1976-11-13,33.6
1976-11-14,41.6
1976-11-15,59.2
1976-11-16,87.9
1976-11-17,147.0
1976-11-18,143.0
1976-11-19,119.0
1976-11-20,87.9
1976-11-21,64.1
1976-11-22,51.1
1976-11-23,44.7
1976-11-24,42.9
1976-11-25,41.6
1976-11-26,35.2
1976-11-27,31.1
1976-11-28,29.2
1976-11-29,28.4
1976-11-30,25.4
1976-10-01,9.53
1976-10-02,8.99
1976-10-03,8.99
1976-10-04,7.92
1976-10-05,8.46
1976-10-06,8.46
1976-10-07,8.99
1976-10-08,13.2
1976-10-09,16.7
1976-10-10,18.7
1976-10-11,30.7
1976-10-12,39.4
1976-10-13,41.2
1976-10-14,44.2
1976-10-15,37.3
1976-10-16,26.2
1976-10-17,21.0
1976-10-18,15.4
1976-10-19,14.8
1976-10-20,12.9
1976-10-21,11.2
1976-10-22,13.2
1976-10-23,13.8
1976-10-24,13.5
1976-10-25,13.2
1976-10-26,12.3
1976-10-27,11.5
1976-10-28,11.2
1976-10-29,10.6
1976-10-30,12.6
1976-10-31,14.1
1976-09-01,5.99
1976-09-02,5.99
1976-09-03,5.99
1976-09-04,5.99
1976-09-05,5.75
1976-09-06,5.75
1976-09-07,5.75
1976-09-08,5.51
1976-09-09,5.51
1976-09-10,5.51
1976-09-11,5.51
1976-09-12,5.51
1976-09-13,9.53
1976-09-14,8.99
1976-09-15,9.53
1976-09-16,8.72
1976-09-17,7.92
1976-09-18,7.44
1976-09-19,6.96
1976-09-20,6.96
1976-09-21,7.68
1976-09-22,10.1
1976-09-23,10.3
1976-09-24,15.4
1976-09-25,21.0
1976-09-26,17.7
1976-09-27,14.1
1976-09-28,13.5
1976-09-29,13.5
1976-09-30,12.9
1976-08-01,13.5
1976-08-02,10.9
1976-08-03,10.6
1976-08-04,10.6
1976-08-05,10.1
1976-08-06,10.1
1976-08-07,9.53
1976-08-08,9.26
1976-08-09,8.99
1976-08-10,8.46
1976-08-11,7.92
1976-08-12,7.92
1976-08-13,7.44
1976-08-14,7.2
1976-08-15,6.96
1976-08-16,6.96
1976-08-17,8.46
1976-08-18,8.46
1976-08-19,8.46
1976-08-20,8.46
1976-08-21,8.46
1976-08-22,7.92
1976-08-23,7.92
1976-08-24,7.92
1976-08-25,8.19
1976-08-26,7.92
1976-08-27,7.92
1976-08-28,7.68
1976-08-29,6.96
1976-08-30,6.96
1976-08-31,6.96
1976-07-01,10.6
1976-07-02,11.8
1976-07-03,12.6
1976-07-04,13.5
1976-07-05,16.1
1976-07-06,17.0
1976-07-07,15.1
1976-07-08,13.8
1976-07-09,10.6
1976-07-10,9.53
1976-07-11,9.26
1976-07-12,9.26
1976-07-13,9.26
1976-07-14,9.26
1976-07-15,8.99
1976-07-16,8.99
1976-07-17,8.99
1976-07-18,8.99
1976-07-19,8.99
1976-07-20,9.8
1976-07-21,24.3
1976-07-22,46.0
1976-07-23,37.7
1976-07-24,33.6
1976-07-25,27.7
1976-07-26,23.1
1976-07-27,20.3
1976-07-28,16.4
1976-07-29,14.8
1976-07-30,14.5
1976-07-31,13.5
1976-06-01,7.92
1976-06-02,7.92
1976-06-03,7.92
1976-06-04,8.19
1976-06-05,8.19
1976-06-06,7.92
1976-06-07,7.92
1976-06-08,6.96
1976-06-09,6.96
1976-06-10,7.44
1976-06-11,6.47
1976-06-12,6.96
1976-06-13,6.96
1976-06-14,6.96
1976-06-15,6.71
1976-06-16,6.47
1976-06-17,6.47
1976-06-18,6.47
1976-06-19,6.47
1976-06-20,6.23
1976-06-21,5.99
1976-06-22,5.99
1976-06-23,5.99
1976-06-24,5.99
1976-06-25,5.99
1976-06-26,5.99
1976-06-27,5.99
1976-06-28,5.99
1976-06-29,5.75
1976-06-30,7.44
1976-05-01,14.1
1976-05-02,13.8
1976-05-03,13.2
1976-05-04,12.6
1976-05-05,10.9
1976-05-06,10.1
1976-05-07,11.5
1976-05-08,12.6
1976-05-09,12.9
1976-05-10,12.9
1976-05-11,12.3
1976-05-12,10.3
1976-05-13,7.92
1976-05-14,8.72
1976-05-15,9.53
1976-05-16,9.53
1976-05-17,9.8
1976-05-18,10.6
1976-05-19,10.6
1976-05-20,10.1
1976-05-21,8.99
1976-05-22,9.53
1976-05-23,12.3
1976-05-24,12.9
1976-05-25,13.2
1976-05-26,12.9
1976-05-27,12.6
1976-05-28,12.1
1976-05-29,8.46
1976-05-30,8.99
1976-05-31,8.46
1976-04-01,6.71
1976-04-02,6.47
1976-04-03,6.47
1976-04-04,6.23
1976-04-05,6.23
1976-04-06,6.23
1976-04-07,6.23
1976-04-08,6.23
1976-04-09,5.99
1976-04-10,5.75
1976-04-11,5.75
1976-04-12,5.51
1976-04-13,5.51
1976-04-14,5.51
1976-04-15,5.51
1976-04-16,5.99
1976-04-17,6.23
1976-04-18,5.75
1976-04-19,5.75
1976-04-20,5.51
1976-04-21,5.51
1976-04-22,5.51
1976-04-23,5.51
1976-04-24,5.51
1976-04-25,5.51
1976-04-26,5.51
1976-04-27,5.51
1976-04-28,6.23
1976-04-29,9.26
1976-04-30,12.9
1976-03-01,7.44
1976-03-02,7.44
1976-03-03,7.44
1976-03-04,7.44
1976-03-05,11.8
1976-03-06,13.8
1976-03-07,14.8
1976-03-08,17.4
1976-03-09,14.5
1976-03-10,12.9
1976-03-11,10.6
1976-03-12,9.8
1976-03-13,8.99
1976-03-14,8.99
1976-03-15,8.46
1976-03-16,7.92
1976-03-17,7.92
1976-03-18,7.92
1976-03-19,8.19
1976-03-20,10.1
1976-03-21,10.1
1976-03-22,9.8
1976-03-23,9.26
1976-03-24,9.26
1976-03-25,8.46
1976-03-26,7.92
1976-03-27,7.44
1976-03-28,7.44
1976-03-29,7.44
1976-03-30,6.96
1976-03-31,6.96
1976-02-01,8.46
1976-02-02,8.46
1976-02-03,8.46
1976-02-04,9.8
1976-02-05,13.8
1976-02-06,15.4
1976-02-07,19.0
1976-02-08,19.3
1976-02-09,17.7
1976-02-10,13.8
1976-02-11,13.5
1976-02-12,12.9
1976-02-13,11.2
1976-02-14,10.9
1976-02-15,10.6
1976-02-16,9.53
1976-02-17,9.53
1976-02-18,9.53
1976-02-19,9.53
1976-02-20,8.99
1976-02-21,8.46
1976-02-22,8.19
1976-02-23,8.19
1976-02-24,7.92
1976-02-25,7.92
1976-02-26,7.92
1976-02-27,7.68
1976-02-28,7.2
1976-02-29,7.44
1976-01-01,16.1
1976-01-02,16.1
1976-01-03,16.1
1976-01-04,16.1
1976-01-05,18.3
1976-01-06,17.7
1976-01-07,15.7
1976-01-08,14.8
1976-01-09,13.5
1976-01-10,13.2
1976-01-11,12.1
1976-01-12,12.1
1976-01-13,12.1
1976-01-14,11.8
1976-01-15,11.5
1976-01-16,11.2
1976-01-17,10.3
1976-01-18,10.1
1976-01-19,9.8
1976-01-20,9.53
1976-01-21,9.53
1976-01-22,9.26
1976-01-23,9.26
1976-01-24,9.26
1976-01-25,9.26
1976-01-26,9.26
1976-01-27,9.26
1976-01-28,8.99
1976-01-29,8.46
1976-01-30,8.46
1976-01-31,8.46
1975-12-01,25.4
1975-12-02,22.1
1975-12-03,20.3
1975-12-04,22.8
1975-12-05,27.3
1975-12-06,25.4
1975-12-07,23.9
1975-12-08,22.8
1975-12-09,21.7
1975-12-10,20.3
1975-12-11,19.3
1975-12-12,17.7
1975-12-13,17.4
1975-12-14,17.0
1975-12-15,23.5
1975-12-16,37.3
1975-12-17,40.3
1975-12-18,39.8
1975-12-19,30.0
1975-12-20,26.5
1975-12-21,22.8
1975-12-22,20.0
1975-12-23,19.0
1975-12-24,18.7
1975-12-25,18.7
1975-12-26,20.0
1975-12-27,19.3
1975-12-28,18.0
1975-12-29,16.4
1975-12-30,16.1
1975-12-31,16.1
1975-11-01,31.5
1975-11-02,39.0
1975-11-03,60.1
1975-11-04,113.0
1975-11-05,143.0
1975-11-06,117.0
1975-11-07,76.1
1975-11-08,58.2
1975-11-09,46.9
1975-11-10,47.8
1975-11-11,49.2
1975-11-12,55.8
1975-11-13,58.7
1975-11-14,60.1
1975-11-15,55.8
1975-11-16,53.4
1975-11-17,47.8
1975-11-18,41.6
1975-11-19,40.3
1975-11-20,37.3
1975-11-21,32.3
1975-11-22,28.4
1975-11-23,29.2
1975-11-24,31.1
1975-11-25,37.7
1975-11-26,34.4
1975-11-27,32.7
1975-11-28,30.3
1975-11-29,29.2
1975-11-30,27.3
1975-10-01,14.1
1975-10-02,11.8
1975-10-03,10.9
1975-10-04,10.3
1975-10-05,9.8
1975-10-06,9.53
1975-10-07,9.26
1975-10-08,9.26
1975-10-09,9.53
1975-10-10,9.53
1975-10-11,10.3
1975-10-12,17.4
1975-10-13,32.3
1975-10-14,45.1
1975-10-15,52.4
1975-10-16,39.8
1975-10-17,26.5
1975-10-18,29.6
1975-10-19,38.1
1975-10-20,46.0
1975-10-21,47.8
1975-10-22,42.5
1975-10-23,40.7
1975-10-24,31.9
1975-10-25,27.3
1975-10-26,26.2
1975-10-27,25.4
1975-10-28,25.0
1975-10-29,26.5
1975-10-30,29.6
1975-10-31,29.6
1975-09-01,9.53
1975-09-02,9.53
1975-09-03,9.53
1975-09-04,9.26
1975-09-05,8.99
1975-09-06,8.99
1975-09-07,8.99
1975-09-08,8.99
1975-09-09,8.72
1975-09-10,8.72
1975-09-11,8.72
1975-09-12,8.46
1975-09-13,8.46
1975-09-14,8.19
1975-09-15,8.19
1975-09-16,7.92
1975-09-17,7.92
1975-09-18,7.92
1975-09-19,7.92
1975-09-20,7.92
1975-09-21,9.26
1975-09-22,12.3
1975-09-23,11.8
1975-09-24,11.5
1975-09-25,11.2
1975-09-26,12.1
1975-09-27,11.8
1975-09-28,17.4
1975-09-29,17.4
1975-09-30,17.4
1975-08-01,14.1
1975-08-02,13.5
1975-08-03,12.9
1975-08-04,12.3
1975-08-05,11.8
1975-08-06,11.5
1975-08-07,11.2
1975-08-08,10.9
1975-08-09,10.9
1975-08-10,10.9
1975-08-11,10.9
1975-08-12,10.6
1975-08-13,10.9
1975-08-14,11.2
1975-08-15,12.1
1975-08-16,14.8
1975-08-17,16.7
1975-08-18,16.7
1975-08-19,16.4
1975-08-20,15.4
1975-08-21,13.8
1975-08-22,12.3
1975-08-23,12.1
1975-08-24,11.5
1975-08-25,11.2
1975-08-26,10.9
1975-08-27,10.6
1975-08-28,10.6
1975-08-29,10.3
1975-08-30,10.1
1975-08-31,9.8
1975-07-01,18.3
1975-07-02,16.7
1975-07-03,14.5
1975-07-04,13.5
1975-07-05,13.2
1975-07-06,12.6
1975-07-07,12.3
1975-07-08,12.3
1975-07-09,12.3
1975-07-10,12.1
1975-07-11,12.1
1975-07-12,12.1
1975-07-13,12.1
1975-07-14,12.1
1975-07-15,11.8
1975-07-16,11.8
1975-07-17,11.8
1975-07-18,11.5
1975-07-19,11.5
1975-07-20,12.9
1975-07-21,14.1
1975-07-22,13.8
1975-07-23,13.5
1975-07-24,13.5
1975-07-25,15.4
1975-07-26,20.3
1975-07-27,21.4
1975-07-28,20.7
1975-07-29,18.3
1975-07-30,16.7
1975-07-31,15.1
1975-06-01,12.9
1975-06-02,12.6
1975-06-03,12.3
1975-06-04,12.3
1975-06-05,11.8
1975-06-06,11.8
1975-06-07,12.3
1975-06-08,12.3
1975-06-09,12.3
1975-06-10,12.6
1975-06-11,12.9
1975-06-12,12.9
1975-06-13,12.9
1975-06-14,12.6
1975-06-15,12.3
1975-06-16,12.3
1975-06-17,12.1
1975-06-18,11.8
1975-06-19,12.1
1975-06-20,13.2
1975-06-21,14.8
1975-06-22,14.5
1975-06-23,15.1
1975-06-24,15.1
1975-06-25,14.8
1975-06-26,13.5
1975-06-27,13.5
1975-06-28,16.1
1975-06-29,20.3
1975-06-30,20.7
1975-05-01,13.8
1975-05-02,13.5
1975-05-03,13.5
1975-05-04,13.2
1975-05-05,13.2
1975-05-06,13.5
1975-05-07,13.8
1975-05-08,14.8
1975-05-09,16.7
1975-05-10,16.7
1975-05-11,16.4
1975-05-12,15.7
1975-05-13,15.1
1975-05-14,14.8
1975-05-15,14.5
1975-05-16,14.1
1975-05-17,16.1
1975-05-18,21.7
1975-05-19,20.7
1975-05-20,20.7
1975-05-21,18.0
1975-05-22,16.7
1975-05-23,16.1
1975-05-24,15.1
1975-05-25,14.8
1975-05-26,14.5
1975-05-27,14.1
1975-05-28,13.8
1975-05-29,13.8
1975-05-30,13.5
1975-05-31,13.2
1975-04-01,35.2
1975-04-02,31.5
1975-04-03,25.0
1975-04-04,20.3
1975-04-05,20.7
1975-04-06,20.7
1975-04-07,21.0
1975-04-08,20.7
1975-04-09,20.0
1975-04-10,18.7
1975-04-11,19.3
1975-04-12,18.0
1975-04-13,28.8
1975-04-14,31.9
1975-04-15,24.3
1975-04-16,20.0
1975-04-17,19.3
1975-04-18,25.4
1975-04-19,20.0
1975-04-20,18.7
1975-04-21,17.7
1975-04-22,17.4
1975-04-23,16.7
1975-04-24,16.1
1975-04-25,15.4
1975-04-26,15.1
1975-04-27,14.8
1975-04-28,14.1
1975-04-29,14.1
1975-04-30,13.8
1975-03-01,13.5
1975-03-02,13.5
1975-03-03,14.8
1975-03-04,16.1
1975-03-05,17.0
1975-03-06,20.7
1975-03-07,20.7
1975-03-08,20.7
1975-03-09,17.4
1975-03-10,14.1
1975-03-11,14.5
1975-03-12,16.7
1975-03-13,17.4
1975-03-14,15.4
1975-03-15,13.8
1975-03-16,12.9
1975-03-17,13.8
1975-03-18,14.1
1975-03-19,13.8
1975-03-20,13.8
1975-03-21,14.5
1975-03-22,14.8
1975-03-23,14.8
1975-03-24,14.5
1975-03-25,13.8
1975-03-26,15.1
1975-03-27,30.0
1975-03-28,37.3
1975-03-29,42.0
1975-03-30,44.7
1975-03-31,39.0
1975-02-01,20.7
1975-02-02,20.0
1975-02-03,20.7
1975-02-04,20.7
1975-02-05,20.3
1975-02-06,19.3
1975-02-07,19.3
1975-02-08,23.5
1975-02-09,24.3
1975-02-10,26.2
1975-02-11,28.1
1975-02-12,39.0
1975-02-13,42.0
1975-02-14,29.2
1975-02-15,23.5
1975-02-16,20.7
1975-02-17,20.7
1975-02-18,20.7
1975-02-19,19.3
1975-02-20,18.7
1975-02-21,18.0
1975-02-22,16.7
1975-02-23,14.8
1975-02-24,14.8
1975-02-25,14.8
1975-02-26,14.5
1975-02-27,14.5
1975-02-28,13.8
1975-01-01,22.8
1975-01-02,22.8
1975-01-03,31.5
1975-01-04,36.5
1975-01-05,43.4
1975-01-06,75.5
1975-01-07,94.7
1975-01-08,83.8
1975-01-09,56.3
1975-01-10,39.8
1975-01-11,35.2
1975-01-12,30.7
1975-01-13,28.1
1975-01-14,27.3
1975-01-15,25.4
1975-01-16,23.5
1975-01-17,22.4
1975-01-18,21.7
1975-01-19,20.3
1975-01-20,19.3
1975-01-21,19.3
1975-01-22,24.3
1975-01-23,35.2
1975-01-24,51.1
1975-01-25,61.6
1975-01-26,48.8
1975-01-27,36.5
1975-01-28,32.3
1975-01-29,26.2
1975-01-30,22.4
1975-01-31,20.7
1974-12-01,23.5
1974-12-02,19.3
1974-12-03,16.4
1974-12-04,17.4
1974-12-05,17.0
1974-12-06,17.4
1974-12-07,19.3
1974-12-08,33.6
1974-12-09,57.2
1974-12-10,67.7
1974-12-11,56.7
1974-12-12,44.2
1974-12-13,34.4
1974-12-14,31.5
1974-12-15,28.8
1974-12-16,26.2
1974-12-17,23.1
1974-12-18,20.7
1974-12-19,20.0
1974-12-20,20.7
1974-12-21,31.5
1974-12-22,44.2
1974-12-23,41.6
1974-12-24,31.1
1974-12-25,27.7
1974-12-26,26.9
1974-12-27,28.4
1974-12-28,26.2
1974-12-29,28.1
1974-12-30,25.8
1974-12-31,25.4
1974-11-01,23.1
1974-11-02,27.7
1974-11-03,27.7
1974-11-04,26.2
1974-11-05,24.3
1974-11-06,16.7
1974-11-07,17.4
1974-11-08,23.1
1974-11-09,25.4
1974-11-10,25.8
1974-11-11,28.1
1974-11-12,26.5
1974-11-13,22.8
1974-11-14,20.7
1974-11-15,20.3
1974-11-16,28.1
1974-11-17,37.3
1974-11-18,42.0
1974-11-19,37.3
1974-11-20,36.9
1974-11-21,28.1
1974-11-22,23.5
1974-11-23,25.0
1974-11-24,46.5
1974-11-25,61.6
1974-11-26,65.1
1974-11-27,44.2
1974-11-28,37.3
1974-11-29,30.3
1974-11-30,25.0
1974-10-01,11.2
1974-10-02,11.5
1974-10-03,11.8
1974-10-04,11.5
1974-10-05,11.2
1974-10-06,10.9
1974-10-07,10.6
1974-10-08,11.2
1974-10-09,12.6
1974-10-10,15.4
1974-10-11,18.3
1974-10-12,20.0
1974-10-13,19.0
1974-10-14,17.4
1974-10-15,15.7
1974-10-16,14.1
1974-10-17,13.2
1974-10-18,14.1
1974-10-19,17.4
1974-10-20,20.0
1974-10-21,36.0
1974-10-22,40.7
1974-10-23,60.6
1974-10-24,56.7
1974-10-25,40.3
1974-10-26,31.1
1974-10-27,25.4
1974-10-28,19.0
1974-10-29,18.3
1974-10-30,16.1
1974-10-31,16.7
1974-09-01,12.3
1974-09-02,12.3
1974-09-03,12.1
1974-09-04,12.1
1974-09-05,12.1
1974-09-06,11.8
1974-09-07,11.8
1974-09-08,11.8
1974-09-09,12.1
1974-09-10,12.6
1974-09-11,12.9
1974-09-12,12.6
1974-09-13,12.9
1974-09-14,12.6
1974-09-15,12.3
1974-09-16,12.1
1974-09-17,11.8
1974-09-18,11.5
1974-09-19,11.5
1974-09-20,11.2
1974-09-21,11.2
1974-09-22,11.2
1974-09-23,11.2
1974-09-24,11.2
1974-09-25,12.1
1974-09-26,12.9
1974-09-27,12.6
1974-09-28,12.3
1974-09-29,11.8
1974-09-30,11.5
1974-08-01,15.4
1974-08-02,15.4
1974-08-03,15.1
1974-08-04,14.8
1974-08-05,14.8
1974-08-06,14.1
1974-08-07,14.1
1974-08-08,14.5
1974-08-09,15.4
1974-08-10,16.1
1974-08-11,16.1
1974-08-12,16.1
1974-08-13,16.1
1974-08-14,16.1
1974-08-15,15.7
1974-08-16,15.4
1974-08-17,15.4
1974-08-18,15.4
1974-08-19,15.1
1974-08-20,14.8
1974-08-21,14.5
1974-08-22,14.1
1974-08-23,14.1
1974-08-24,14.1
1974-08-25,14.5
1974-08-26,14.1
1974-08-27,13.8
1974-08-28,13.5
1974-08-29,13.2
1974-08-30,12.9
1974-08-31,12.6
1974-07-01,17.4
1974-07-02,17.4
1974-07-03,17.4
1974-07-04,17.7
1974-07-05,19.0
1974-07-06,21.0
1974-07-07,21.7
1974-07-08,21.7
1974-07-09,22.1
1974-07-10,21.4
1974-07-11,20.7
1974-07-12,19.7
1974-07-13,18.7
1974-07-14,18.3
1974-07-15,18.3
1974-07-16,18.0
1974-07-17,18.0
1974-07-18,17.7
1974-07-19,17.0
1974-07-20,16.7
1974-07-21,16.7
1974-07-22,16.4
1974-07-23,16.4
1974-07-24,16.4
1974-07-25,16.4
1974-07-26,16.1
1974-07-27,16.1
1974-07-28,16.1
1974-07-29,15.7
1974-07-30,15.4
1974-07-31,15.4
1974-06-01,26.2
1974-06-02,25.4
1974-06-03,24.6
1974-06-04,24.3
1974-06-05,23.9
1974-06-06,23.1
1974-06-07,22.1
1974-06-08,21.7
1974-06-09,21.7
1974-06-10,21.4
1974-06-11,21.4
1974-06-12,21.0
1974-06-13,20.7
1974-06-14,20.3
1974-06-15,20.0
1974-06-16,19.7
1974-06-17,19.7
1974-06-18,19.3
1974-06-19,19.3
1974-06-20,19.0
1974-06-21,18.7
1974-06-22,18.7
1974-06-23,18.3
1974-06-24,18.0
1974-06-25,18.7
1974-06-26,18.7
1974-06-27,18.0
1974-06-28,17.7
1974-06-29,17.4
1974-06-30,17.4
1974-05-01,24.6
1974-05-02,23.1
1974-05-03,21.7
1974-05-04,24.3
1974-05-05,37.7
1974-05-06,44.7
1974-05-07,29.2
1974-05-08,24.6
1974-05-09,23.1
1974-05-10,22.1
1974-05-11,23.9
1974-05-12,24.6
1974-05-13,29.2
1974-05-14,35.2
1974-05-15,36.9
1974-05-16,31.5
1974-05-17,28.8
1974-05-18,28.1
1974-05-19,26.5
1974-05-20,25.8
1974-05-21,25.4
1974-05-22,24.3
1974-05-23,24.3
1974-05-24,25.0
1974-05-25,28.4
1974-05-26,35.6
1974-05-27,41.6
1974-05-28,36.9
1974-05-29,31.5
1974-05-30,28.1
1974-05-31,26.5
1974-04-01,70.3
1974-04-02,67.2
1974-04-03,58.7
1974-04-04,44.7
1974-04-05,38.1
1974-04-06,30.7
1974-04-07,28.1
1974-04-08,28.4
1974-04-09,32.3
1974-04-10,30.3
1974-04-11,29.6
1974-04-12,28.1
1974-04-13,25.8
1974-04-14,25.0
1974-04-15,24.3
1974-04-16,23.5
1974-04-17,23.1
1974-04-18,23.1
1974-04-19,22.4
1974-04-20,22.4
1974-04-21,22.4
1974-04-22,22.8
1974-04-23,22.8
1974-04-24,22.8
1974-04-25,22.1
1974-04-26,22.1
1974-04-27,22.4
1974-04-28,25.0
1974-04-29,26.9
1974-04-30,26.9
1974-03-01,17.0
1974-03-02,16.7
1974-03-03,16.4
1974-03-04,16.1
1974-03-05,15.7
1974-03-06,15.4
1974-03-07,15.4
1974-03-08,15.1
1974-03-09,14.8
1974-03-10,15.4
1974-03-11,15.4
1974-03-12,16.1
1974-03-13,15.4
1974-03-14,17.0
1974-03-15,25.4
1974-03-16,34.4
1974-03-17,46.9
1974-03-18,38.6
1974-03-19,28.8
1974-03-20,28.1
1974-03-21,24.6
1974-03-22,28.1
1974-03-23,33.1
1974-03-24,45.6
1974-03-25,49.7
1974-03-26,46.9
1974-03-27,51.5
1974-03-28,67.7
1974-03-29,93.6
1974-03-30,86.1
1974-03-31,80.7
1974-02-01,23.1
1974-02-02,24.6
1974-02-03,25.0
1974-02-04,25.0
1974-02-05,28.4
1974-02-06,34.8
1974-02-07,42.5
1974-02-08,48.8
1974-02-09,62.6
1974-02-10,59.2
1974-02-11,63.6
1974-02-12,69.3
1974-02-13,58.2
1974-02-14,48.8
1974-02-15,40.7
1974-02-16,36.9
1974-02-17,28.1
1974-02-18,25.0
1974-02-19,22.4
1974-02-20,21.4
1974-02-21,20.3
1974-02-22,19.3
1974-02-23,19.0
1974-02-24,18.7
1974-02-25,18.3
1974-02-26,18.0
1974-02-27,17.7
1974-02-28,17.4
1974-01-01,43.8
1974-01-02,41.6
1974-01-03,52.4
1974-01-04,82.7
1974-01-05,102.0
1974-01-06,86.1
1974-01-07,64.1
1974-01-08,52.9
1974-01-09,39.8
1974-01-10,36.0
1974-01-11,33.1
1974-01-12,31.1
1974-01-13,29.2
1974-01-14,27.3
1974-01-15,26.5
1974-01-16,26.2
1974-01-17,25.8
1974-01-18,25.4
1974-01-19,25.0
1974-01-20,26.5
1974-01-21,29.2
1974-01-22,36.0
1974-01-23,52.0
1974-01-24,58.7
1974-01-25,63.6
1974-01-26,59.7
1974-01-27,46.9
1974-01-28,36.9
1974-01-29,32.3
1974-01-30,29.2
1974-01-31,26.5
1973-12-01,124.0
1973-12-02,97.3
1973-12-03,85.6
1973-12-04,79.7
1973-12-05,70.3
1973-12-06,52.4
1973-12-07,43.8
1973-12-08,42.5
1973-12-09,37.7
1973-12-10,39.0
1973-12-11,42.0
1973-12-12,43.4
1973-12-13,37.3
1973-12-14,31.5
1973-12-15,29.2
1973-12-16,28.8
1973-12-17,29.2
1973-12-18,28.1
1973-12-19,27.7
1973-12-20,25.8
1973-12-21,22.4
1973-12-22,20.3
1973-12-23,28.1
1973-12-24,34.0
1973-12-25,42.9
1973-12-26,40.7
1973-12-27,42.9
1973-12-28,54.3
1973-12-29,49.7
1973-12-30,43.8
1973-12-31,45.6
1973-11-01,16.7
1973-11-02,16.1
1973-11-03,16.4
1973-11-04,41.2
1973-11-05,38.1
1973-11-06,37.3
1973-11-07,33.6
1973-11-08,25.0
1973-11-09,22.1
1973-11-10,20.7
1973-11-11,17.7
1973-11-12,15.7
1973-11-13,14.5
1973-11-14,13.2
1973-11-15,12.9
1973-11-16,13.2
1973-11-17,14.8
1973-11-18,15.1
1973-11-19,17.7
1973-11-20,40.7
1973-11-21,67.2
1973-11-22,69.8
1973-11-23,51.1
1973-11-24,36.0
1973-11-25,28.1
1973-11-26,26.5
1973-11-27,30.0
1973-11-28,34.0
1973-11-29,80.2
1973-11-30,117.0
1973-10-01,10.9
1973-10-02,12.1
1973-10-03,13.8
1973-10-04,13.8
1973-10-05,12.1
1973-10-06,10.9
1973-10-07,9.8
1973-10-08,8.46
1973-10-09,8.46
1973-10-10,9.53
1973-10-11,13.5
1973-10-12,13.5
1973-10-13,11.5
1973-10-14,14.1
1973-10-15,18.3
1973-10-16,22.1
1973-10-17,23.1
1973-10-18,23.9
1973-10-19,23.1
1973-10-20,23.1
1973-10-21,30.0
1973-10-22,91.9
1973-10-23,72.9
1973-10-24,45.6
1973-10-25,27.7
1973-10-26,22.1
1973-10-27,22.1
1973-10-28,22.1
1973-10-29,22.4
1973-10-30,21.7
1973-10-31,19.3
1973-09-01,7.44
1973-09-02,7.92
1973-09-03,7.68
1973-09-04,7.92
1973-09-05,8.19
1973-09-06,8.19
1973-09-07,7.92
1973-09-08,7.68
1973-09-09,7.68
1973-09-10,7.44
1973-09-11,7.44
1973-09-12,7.92
1973-09-13,7.92
1973-09-14,7.68
1973-09-15,7.44
1973-09-16,7.2
1973-09-17,7.2
1973-09-18,6.96
1973-09-19,6.71
1973-09-20,6.47
1973-09-21,6.47
1973-09-22,6.71
1973-09-23,6.71
1973-09-24,7.44
1973-09-25,7.92
1973-09-26,8.46
1973-09-27,8.99
1973-09-28,9.53
1973-09-29,9.53
1973-09-30,10.1
1973-08-01,9.26
1973-08-02,8.99
1973-08-03,8.99
1973-08-04,8.99
1973-08-05,8.99
1973-08-06,9.53
1973-08-07,10.9
1973-08-08,10.6
1973-08-09,10.1
1973-08-10,9.53
1973-08-11,9.26
1973-08-12,8.99
1973-08-13,8.72
1973-08-14,8.72
1973-08-15,8.46
1973-08-16,8.46
1973-08-17,8.19
1973-08-18,8.19
1973-08-19,8.19
1973-08-20,8.19
1973-08-21,7.92
1973-08-22,7.92
1973-08-23,7.92
1973-08-24,7.92
1973-08-25,7.92
1973-08-26,7.92
1973-08-27,7.92
1973-08-28,7.68
1973-08-29,7.68
1973-08-30,7.68
1973-08-31,7.44
1973-07-01,11.2
1973-07-02,10.9
1973-07-03,10.6
1973-07-04,10.6
1973-07-05,11.2
1973-07-06,11.2
1973-07-07,12.1
1973-07-08,12.3
1973-07-09,11.8
1973-07-10,11.2
1973-07-11,11.5
1973-07-12,12.6
1973-07-13,14.1
1973-07-14,15.7
1973-07-15,15.1
1973-07-16,14.1
1973-07-17,13.5
1973-07-18,12.9
1973-07-19,12.3
1973-07-20,11.8
1973-07-21,11.5
1973-07-22,11.2
1973-07-23,10.9
1973-07-24,10.6
1973-07-25,10.3
1973-07-26,10.1
1973-07-27,9.8
1973-07-28,9.8
1973-07-29,9.53
1973-07-30,9.53
1973-07-31,9.26
1973-06-01,12.9
1973-06-02,12.9
1973-06-03,12.3
1973-06-04,12.3
1973-06-05,12.9
1973-06-06,22.8
1973-06-07,25.4
1973-06-08,22.1
1973-06-09,17.7
1973-06-10,15.7
1973-06-11,14.5
1973-06-12,13.5
1973-06-13,12.9
1973-06-14,12.6
1973-06-15,12.3
1973-06-16,12.3
1973-06-17,11.8
1973-06-18,11.8
1973-06-19,11.8
1973-06-20,11.2
1973-06-21,11.2
1973-06-22,11.5
1973-06-23,12.3
1973-06-24,11.8
1973-06-25,11.2
1973-06-26,11.2
1973-06-27,11.2
1973-06-28,11.2
1973-06-29,10.6
1973-06-30,10.6
1973-05-01,13.5
1973-05-02,13.5
1973-05-03,13.5
1973-05-04,13.2
1973-05-05,12.9
1973-05-06,13.5
1973-05-07,13.5
1973-05-08,13.5
1973-05-09,12.9
1973-05-10,12.9
1973-05-11,12.6
1973-05-12,12.6
1973-05-13,13.2
1973-05-14,14.1
1973-05-15,13.8
1973-05-16,13.5
1973-05-17,13.2
1973-05-18,12.9
1973-05-19,12.6
1973-05-20,12.3
1973-05-21,12.3
1973-05-22,12.3
1973-05-23,11.8
1973-05-24,11.8
1973-05-25,16.7
1973-05-26,21.0
1973-05-27,20.7
1973-05-28,16.7
1973-05-29,15.1
1973-05-30,14.1
1973-05-31,13.5
1973-04-01,118.0
1973-04-02,81.2
1973-04-03,55.3
1973-04-04,42.9
1973-04-05,34.8
1973-04-06,27.7
1973-04-07,26.2
1973-04-08,23.9
1973-04-09,21.7
1973-04-10,20.3
1973-04-11,19.7
1973-04-12,20.7
1973-04-13,23.9
1973-04-14,24.6
1973-04-15,21.7
1973-04-16,19.7
1973-04-17,18.0
1973-04-18,17.4
1973-04-19,16.1
1973-04-20,16.1
1973-04-21,15.4
1973-04-22,14.8
1973-04-23,15.4
1973-04-24,20.0
1973-04-25,19.7
1973-04-26,16.7
1973-04-27,16.1
1973-04-28,15.1
1973-04-29,14.1
1973-04-30,13.8
1973-03-01,13.8
1973-03-02,12.6
1973-03-03,11.8
1973-03-04,11.2
1973-03-05,10.6
1973-03-06,10.3
1973-03-07,12.3
1973-03-08,13.5
1973-03-09,13.8
1973-03-10,22.1
1973-03-11,25.0
1973-03-12,28.8
1973-03-13,31.5
1973-03-14,29.6
1973-03-15,29.2
1973-03-16,24.6
1973-03-17,19.3
1973-03-18,17.4
1973-03-19,15.7
1973-03-20,14.5
1973-03-21,13.5
1973-03-22,13.5
1973-03-23,13.5
1973-03-24,12.9
1973-03-25,15.1
1973-03-26,17.4
1973-03-27,21.0
1973-03-28,31.5
1973-03-29,30.7
1973-03-30,31.1
1973-03-31,68.2
1973-02-01,23.1
1973-02-02,20.7
1973-02-03,18.0
1973-02-04,16.7
1973-02-05,15.7
1973-02-06,15.1
1973-02-07,14.5
1973-02-08,13.8
1973-02-09,13.5
1973-02-10,12.9
1973-02-11,12.3
1973-02-12,12.6
1973-02-13,12.9
1973-02-14,13.5
1973-02-15,12.9
1973-02-16,12.3
1973-02-17,12.3
1973-02-18,12.1
1973-02-19,11.8
1973-02-20,12.6
1973-02-21,15.1
1973-02-22,21.0
1973-02-23,15.7
1973-02-24,14.5
1973-02-25,12.9
1973-02-26,12.3
1973-02-27,12.9
1973-02-28,14.5
